legacy_id,legacy_student_id,legacy_cycle_id,cycle_code,education_level_code,grade_sort_order,classification_code,status,enrolled_on,classes_start_on,closed_on,academic_participation_override
25-26:00fca4aa-70ed-464e-822f-6272cba1d93e,00fca4aa-70ed-464e-822f-6272cba1d93e,fddaf8e9-6acb-4f4d-9e99-d57f7fba847d,25-26,PRIMARIA,2,OFFICIAL_SEP,ACTIVA,2025-09-01,2025-09-01,,
25-26:02b5e8d1-89fb-4a1d-a9d3-58817df86b24,02b5e8d1-89fb-4a1d-a9d3-58817df86b24,fddaf8e9-6acb-4f4d-9e99-d57f7fba847d,25-26,PRIMARIA,2,OFFICIAL_SEP,ACTIVA,2025-09-01,2025-09-01,,
25-26:0489bdaf-c632-4a1f-9b8e-85dba33a74b0,0489bdaf-c632-4a1f-9b8e-85dba33a74b0,fddaf8e9-6acb-4f4d-9e99-d57f7fba847d,25-26,PRIMARIA,1,CAMPUS,BAJA,2025-09-01,2025-09-01,,
25-26:05ea74c3-0d10-4956-90f5-22e05c155e58,05ea74c3-0d10-4956-90f5-22e05c155e58,fddaf8e9-6acb-4f4d-9e99-d57f7fba847d,25-26,PRIMARIA,4,OFFICIAL_SEP,ACTIVA,2025-09-01,2025-09-01,,
25-26:061d5f0c-2ec0-4698-a862-38cdd50d237d,061d5f0c-2ec0-4698-a862-38cdd50d237d,fddaf8e9-6acb-4f4d-9e99-d57f7fba847d,25-26,PREESCOLAR,1,CAMPUS,ACTIVA,2025-09-01,2025-09-01,,
25-26:07d3c06f-1b7d-4925-b8d6-cfb887acabb6,07d3c06f-1b7d-4925-b8d6-cfb887acabb6,fddaf8e9-6acb-4f4d-9e99-d57f7fba847d,25-26,PRIMARIA,1,OFFICIAL_SEP,ACTIVA,2025-09-01,2025-09-01,,
25-26:0a79ced7-bab3-44d8-89da-e166880163bd,0a79ced7-bab3-44d8-89da-e166880163bd,fddaf8e9-6acb-4f4d-9e99-d57f7fba847d,25-26,PREESCOLAR,2,OFFICIAL_SEP,ACTIVA,2025-09-01,2025-09-01,,
25-26:0aca2748-83a1-4b8f-ae90-c4e31231af74,0aca2748-83a1-4b8f-ae90-c4e31231af74,fddaf8e9-6acb-4f4d-9e99-d57f7fba847d,25-26,PRIMARIA,3,OFFICIAL_SEP,ACTIVA,2025-09-01,2025-09-01,,
25-26:0baa1c8c-b4cb-4c7c-b909-3af50436661e,0baa1c8c-b4cb-4c7c-b909-3af50436661e,fddaf8e9-6acb-4f4d-9e99-d57f7fba847d,25-26,PREESCOLAR,1,CAMPUS,ACTIVA,2025-09-01,2025-09-01,,
25-26:0e861609-c592-4713-bfad-a86c2f7d1c00,0e861609-c592-4713-bfad-a86c2f7d1c00,fddaf8e9-6acb-4f4d-9e99-d57f7fba847d,25-26,PRIMARIA,2,OFFICIAL_SEP,ACTIVA,2025-09-01,2025-09-01,,
25-26:0ec01322-e8d2-450f-b375-827d0bf81fe4,0ec01322-e8d2-450f-b375-827d0bf81fe4,fddaf8e9-6acb-4f4d-9e99-d57f7fba847d,25-26,PRIMARIA,6,OFFICIAL_SEP,ACTIVA,2025-09-01,2025-09-01,,
25-26:18f8e872-a787-4eef-953c-1c326065039e,18f8e872-a787-4eef-953c-1c326065039e,fddaf8e9-6acb-4f4d-9e99-d57f7fba847d,25-26,PRIMARIA,6,OFFICIAL_SEP,ACTIVA,2025-09-01,2025-09-01,,
25-26:1e3beb16-3079-4aaa-93fc-a0203720434d,1e3beb16-3079-4aaa-93fc-a0203720434d,fddaf8e9-6acb-4f4d-9e99-d57f7fba847d,25-26,PRIMARIA,3,OFFICIAL_SEP,ACTIVA,2025-09-01,2025-09-01,,
25-26:209dac48-1e05-4390-a5da-676e1ee3b311,209dac48-1e05-4390-a5da-676e1ee3b311,fddaf8e9-6acb-4f4d-9e99-d57f7fba847d,25-26,PRIMARIA,1,OFFICIAL_SEP,ACTIVA,2025-09-01,2025-09-01,,
25-26:2645afb7-c140-490c-b8db-c0dd4fbf6e11,2645afb7-c140-490c-b8db-c0dd4fbf6e11,fddaf8e9-6acb-4f4d-9e99-d57f7fba847d,25-26,PREESCOLAR,3,OFFICIAL_SEP,ACTIVA,2025-09-01,2025-09-01,,
25-26:273286ee-1011-4ae2-828e-974f625a6fd2,273286ee-1011-4ae2-828e-974f625a6fd2,fddaf8e9-6acb-4f4d-9e99-d57f7fba847d,25-26,PRIMARIA,2,OFFICIAL_SEP,ACTIVA,2025-09-01,2025-09-01,,
25-26:2a01ea65-7487-4834-ab23-855018d8868e,2a01ea65-7487-4834-ab23-855018d8868e,fddaf8e9-6acb-4f4d-9e99-d57f7fba847d,25-26,PRIMARIA,4,OFFICIAL_SEP,ACTIVA,2025-09-01,2025-09-01,,
25-26:2a0d752a-79d5-4658-bf0d-64b137383ac6,2a0d752a-79d5-4658-bf0d-64b137383ac6,fddaf8e9-6acb-4f4d-9e99-d57f7fba847d,25-26,PRIMARIA,6,OFFICIAL_SEP,ACTIVA,2025-09-01,2025-09-01,,
25-26:2bc201a6-4c7f-402c-9ed1-a2310ae79d3c,2bc201a6-4c7f-402c-9ed1-a2310ae79d3c,fddaf8e9-6acb-4f4d-9e99-d57f7fba847d,25-26,PREESCOLAR,1,CAMPUS,ACTIVA,2025-09-01,2025-09-01,,
25-26:2d6d6932-f5eb-47d0-989c-4f813b54d973,2d6d6932-f5eb-47d0-989c-4f813b54d973,fddaf8e9-6acb-4f4d-9e99-d57f7fba847d,25-26,PRIMARIA,2,OFFICIAL_SEP,ACTIVA,2025-09-01,2025-09-01,,
25-26:2e6b93f5-df65-49fd-8c38-d2325e1f2a4f,2e6b93f5-df65-49fd-8c38-d2325e1f2a4f,fddaf8e9-6acb-4f4d-9e99-d57f7fba847d,25-26,PRIMARIA,4,OFFICIAL_SEP,ACTIVA,2025-09-01,2025-09-01,,
25-26:2fe35f28-fbab-491d-91b2-3d939e6b55bd,2fe35f28-fbab-491d-91b2-3d939e6b55bd,fddaf8e9-6acb-4f4d-9e99-d57f7fba847d,25-26,PREESCOLAR,1,CAMPUS,ACTIVA,2025-09-01,2025-09-01,,
25-26:317e5fd7-d8e6-4476-b348-a0a726649924,317e5fd7-d8e6-4476-b348-a0a726649924,fddaf8e9-6acb-4f4d-9e99-d57f7fba847d,25-26,PREESCOLAR,3,OFFICIAL_SEP,ACTIVA,2025-09-01,2025-09-01,,
25-26:3523dbd3-f616-4c1d-9a52-db64d88e0b23,3523dbd3-f616-4c1d-9a52-db64d88e0b23,fddaf8e9-6acb-4f4d-9e99-d57f7fba847d,25-26,PRIMARIA,3,OFFICIAL_SEP,ACTIVA,2025-09-01,2025-09-01,,
25-26:37b6c311-9c1a-461e-a70b-d93557cdbc0d,37b6c311-9c1a-461e-a70b-d93557cdbc0d,fddaf8e9-6acb-4f4d-9e99-d57f7fba847d,25-26,PREESCOLAR,3,OFFICIAL_SEP,ACTIVA,2025-09-01,2025-09-01,,
25-26:3c1c4ba3-2fb1-42d4-bb72-bf84b00d517c,3c1c4ba3-2fb1-42d4-bb72-bf84b00d517c,fddaf8e9-6acb-4f4d-9e99-d57f7fba847d,25-26,PRIMARIA,3,OFFICIAL_SEP,ACTIVA,2025-09-01,2025-09-01,,
25-26:3f41b6c5-35cb-41d3-a974-762ad0f1c7f3,3f41b6c5-35cb-41d3-a974-762ad0f1c7f3,fddaf8e9-6acb-4f4d-9e99-d57f7fba847d,25-26,PRIMARIA,6,OFFICIAL_SEP,ACTIVA,2025-09-01,2025-09-01,,
25-26:3f6663d7-9b89-4ea2-9f06-5035caff6390,3f6663d7-9b89-4ea2-9f06-5035caff6390,fddaf8e9-6acb-4f4d-9e99-d57f7fba847d,25-26,PRIMARIA,1,OFFICIAL_SEP,ACTIVA,2025-09-01,2025-09-01,,
25-26:40dc866f-fce4-4635-bf68-fa98f8b87c6e,40dc866f-fce4-4635-bf68-fa98f8b87c6e,fddaf8e9-6acb-4f4d-9e99-d57f7fba847d,25-26,PRIMARIA,1,OFFICIAL_SEP,BAJA,2025-09-01,2025-09-01,,
25-26:4f28d56c-a1e3-4052-87a3-ecd1d9b0d5b6,4f28d56c-a1e3-4052-87a3-ecd1d9b0d5b6,fddaf8e9-6acb-4f4d-9e99-d57f7fba847d,25-26,PREESCOLAR,2,OFFICIAL_SEP,ACTIVA,2025-09-01,2025-09-01,,
25-26:533aa94a-8eb8-436d-82ac-cb0d104f816e,533aa94a-8eb8-436d-82ac-cb0d104f816e,fddaf8e9-6acb-4f4d-9e99-d57f7fba847d,25-26,PRIMARIA,4,OFFICIAL_SEP,ACTIVA,2025-09-01,2025-09-01,,
25-26:54a3ac62-0b3d-4d6f-ae14-f7adec420285,54a3ac62-0b3d-4d6f-ae14-f7adec420285,fddaf8e9-6acb-4f4d-9e99-d57f7fba847d,25-26,PRIMARIA,6,OFFICIAL_SEP,ACTIVA,2025-09-01,2025-09-01,,
25-26:562676d8-327a-4012-97e1-f0cfefc685b0,562676d8-327a-4012-97e1-f0cfefc685b0,fddaf8e9-6acb-4f4d-9e99-d57f7fba847d,25-26,PRIMARIA,5,OFFICIAL_SEP,ACTIVA,2025-09-01,2025-09-01,,
25-26:58676041-fe76-4791-9f8b-7bc1dad83cb8,58676041-fe76-4791-9f8b-7bc1dad83cb8,fddaf8e9-6acb-4f4d-9e99-d57f7fba847d,25-26,PREESCOLAR,3,OFFICIAL_SEP,ACTIVA,2025-09-01,2025-09-01,,
25-26:58d1397f-6c2f-4806-874f-04e5ac218830,58d1397f-6c2f-4806-874f-04e5ac218830,fddaf8e9-6acb-4f4d-9e99-d57f7fba847d,25-26,PRIMARIA,4,OFFICIAL_SEP,ACTIVA,2025-09-01,2025-09-01,,
25-26:58f5f801-a774-4b45-8960-aec7b7127187,58f5f801-a774-4b45-8960-aec7b7127187,fddaf8e9-6acb-4f4d-9e99-d57f7fba847d,25-26,PRIMARIA,4,OFFICIAL_SEP,ACTIVA,2025-09-01,2025-09-01,,
25-26:5af22e45-f9f7-4577-b07b-7ce4a7940329,5af22e45-f9f7-4577-b07b-7ce4a7940329,fddaf8e9-6acb-4f4d-9e99-d57f7fba847d,25-26,PRIMARIA,5,OFFICIAL_SEP,ACTIVA,2025-09-01,2025-09-01,,
25-26:5b6f10bf-24ec-4e49-8839-dbf02ee4cd75,5b6f10bf-24ec-4e49-8839-dbf02ee4cd75,fddaf8e9-6acb-4f4d-9e99-d57f7fba847d,25-26,PRIMARIA,3,OFFICIAL_SEP,ACTIVA,2025-09-01,2025-09-01,,
25-26:5cb7777e-5664-4929-b875-cddff5a7c18c,5cb7777e-5664-4929-b875-cddff5a7c18c,fddaf8e9-6acb-4f4d-9e99-d57f7fba847d,25-26,PRIMARIA,3,OFFICIAL_SEP,ACTIVA,2025-09-01,2025-09-01,,
25-26:61565b9f-a82a-49cf-aa9f-3e7df8d7889c,61565b9f-a82a-49cf-aa9f-3e7df8d7889c,fddaf8e9-6acb-4f4d-9e99-d57f7fba847d,25-26,PRIMARIA,2,OFFICIAL_SEP,ACTIVA,2025-09-01,2025-09-01,,
25-26:61ed3b0d-3542-46bc-a02d-4f73b36cffd3,61ed3b0d-3542-46bc-a02d-4f73b36cffd3,fddaf8e9-6acb-4f4d-9e99-d57f7fba847d,25-26,PRIMARIA,5,OFFICIAL_SEP,ACTIVA,2025-09-01,2025-09-01,,
25-26:64b7b8c4-c418-4b27-8aa7-31c44d2850f4,64b7b8c4-c418-4b27-8aa7-31c44d2850f4,fddaf8e9-6acb-4f4d-9e99-d57f7fba847d,25-26,PREESCOLAR,1,CAMPUS,ACTIVA,2025-09-01,2025-09-01,,
25-26:6539fe6a-8f3f-4a06-aa20-dbb71a0a4ccb,6539fe6a-8f3f-4a06-aa20-dbb71a0a4ccb,fddaf8e9-6acb-4f4d-9e99-d57f7fba847d,25-26,PRIMARIA,2,OFFICIAL_SEP,ACTIVA,2025-09-01,2025-09-01,,
25-26:69450844-df68-4eb9-a465-967c31417074,69450844-df68-4eb9-a465-967c31417074,fddaf8e9-6acb-4f4d-9e99-d57f7fba847d,25-26,PRIMARIA,3,OFFICIAL_SEP,ACTIVA,2025-09-01,2025-09-01,,
25-26:6a9b25d0-e6e4-4cf2-94ef-4ba0a59c5b2d,6a9b25d0-e6e4-4cf2-94ef-4ba0a59c5b2d,fddaf8e9-6acb-4f4d-9e99-d57f7fba847d,25-26,PRIMARIA,3,OFFICIAL_SEP,ACTIVA,2025-09-01,2025-09-01,,
25-26:6d484f92-07ed-4ef5-acde-ed43c7314527,6d484f92-07ed-4ef5-acde-ed43c7314527,fddaf8e9-6acb-4f4d-9e99-d57f7fba847d,25-26,PREESCOLAR,3,OFFICIAL_SEP,ACTIVA,2025-09-01,2025-09-01,,
25-26:6f2f8410-2704-4938-8538-21edb5b8221a,6f2f8410-2704-4938-8538-21edb5b8221a,fddaf8e9-6acb-4f4d-9e99-d57f7fba847d,25-26,PREESCOLAR,3,OFFICIAL_SEP,ACTIVA,2025-09-01,2025-09-01,,
25-26:7392fe19-c6bd-489a-9cf5-3f6861139603,7392fe19-c6bd-489a-9cf5-3f6861139603,fddaf8e9-6acb-4f4d-9e99-d57f7fba847d,25-26,PREESCOLAR,1,CAMPUS,ACTIVA,2025-09-01,2025-09-01,,
25-26:79810b5e-1376-4f47-8619-11c72b08a14e,79810b5e-1376-4f47-8619-11c72b08a14e,fddaf8e9-6acb-4f4d-9e99-d57f7fba847d,25-26,PREESCOLAR,3,OFFICIAL_SEP,ACTIVA,2025-09-01,2025-09-01,,
25-26:7babc8a8-10d3-41e2-bb40-868a18dc2300,7babc8a8-10d3-41e2-bb40-868a18dc2300,fddaf8e9-6acb-4f4d-9e99-d57f7fba847d,25-26,PRIMARIA,4,OFFICIAL_SEP,ACTIVA,2025-09-01,2025-09-01,,
25-26:7c1e9bdc-6090-4313-a14b-1a94d13eeec8,7c1e9bdc-6090-4313-a14b-1a94d13eeec8,fddaf8e9-6acb-4f4d-9e99-d57f7fba847d,25-26,PREESCOLAR,3,OFFICIAL_SEP,ACTIVA,2025-09-01,2025-09-01,,
25-26:7dbf3c47-1f14-4b4a-b594-ec98e68218b0,7dbf3c47-1f14-4b4a-b594-ec98e68218b0,fddaf8e9-6acb-4f4d-9e99-d57f7fba847d,25-26,PRIMARIA,5,OFFICIAL_SEP,ACTIVA,2025-09-01,2025-09-01,,
25-26:81db6f65-f0d0-45e2-93d7-8d0e5c3dc56a,81db6f65-f0d0-45e2-93d7-8d0e5c3dc56a,fddaf8e9-6acb-4f4d-9e99-d57f7fba847d,25-26,PREESCOLAR,1,CAMPUS,ACTIVA,2025-09-01,2025-09-01,,
25-26:83744ef9-a5f4-4c6a-9c81-a6ea4f9507cf,83744ef9-a5f4-4c6a-9c81-a6ea4f9507cf,fddaf8e9-6acb-4f4d-9e99-d57f7fba847d,25-26,PRIMARIA,3,OFFICIAL_SEP,ACTIVA,2025-09-01,2025-09-01,,
25-26:845acc82-5357-4263-a24c-e03f7ea60a49,845acc82-5357-4263-a24c-e03f7ea60a49,fddaf8e9-6acb-4f4d-9e99-d57f7fba847d,25-26,PRIMARIA,4,OFFICIAL_SEP,ACTIVA,2025-09-01,2025-09-01,,
25-26:84e478c3-33cf-44e4-a8d3-2fa0be7ff15d,84e478c3-33cf-44e4-a8d3-2fa0be7ff15d,fddaf8e9-6acb-4f4d-9e99-d57f7fba847d,25-26,PREESCOLAR,3,OFFICIAL_SEP,ACTIVA,2025-09-01,2025-09-01,,
25-26:8526d610-1516-448b-80fe-67bed0d43c11,8526d610-1516-448b-80fe-67bed0d43c11,fddaf8e9-6acb-4f4d-9e99-d57f7fba847d,25-26,PRIMARIA,4,OFFICIAL_SEP,ACTIVA,2025-09-01,2025-09-01,,
25-26:8568473f-3a83-4adb-8aed-358e4481b99c,8568473f-3a83-4adb-8aed-358e4481b99c,fddaf8e9-6acb-4f4d-9e99-d57f7fba847d,25-26,PREESCOLAR,2,OFFICIAL_SEP,ACTIVA,2025-09-01,2025-09-01,,
25-26:8d1da005-457e-4b91-b44a-605b0ca3c47a,8d1da005-457e-4b91-b44a-605b0ca3c47a,fddaf8e9-6acb-4f4d-9e99-d57f7fba847d,25-26,PRIMARIA,4,OFFICIAL_SEP,ACTIVA,2025-09-01,2025-09-01,,
25-26:8f7b36f8-3e15-40c5-bdda-da05aead70c2,8f7b36f8-3e15-40c5-bdda-da05aead70c2,fddaf8e9-6acb-4f4d-9e99-d57f7fba847d,25-26,PRIMARIA,6,OFFICIAL_SEP,ACTIVA,2025-09-01,2025-09-01,,
25-26:95149f3e-bf90-4279-8471-a562bd517960,95149f3e-bf90-4279-8471-a562bd517960,fddaf8e9-6acb-4f4d-9e99-d57f7fba847d,25-26,PRIMARIA,3,OFFICIAL_SEP,ACTIVA,2025-09-01,2025-09-01,,
25-26:9722dc2c-e45a-49f8-84e5-b1591c35e7c2,9722dc2c-e45a-49f8-84e5-b1591c35e7c2,fddaf8e9-6acb-4f4d-9e99-d57f7fba847d,25-26,PRIMARIA,1,OFFICIAL_SEP,ACTIVA,2025-09-01,2025-09-01,,
25-26:99237104-4f6b-415e-88b1-7241d4cbfda3,99237104-4f6b-415e-88b1-7241d4cbfda3,fddaf8e9-6acb-4f4d-9e99-d57f7fba847d,25-26,PRIMARIA,3,OFFICIAL_SEP,ACTIVA,2025-09-01,2025-09-01,,
25-26:9ace76f4-cf42-4715-ba18-951ec5af9103,9ace76f4-cf42-4715-ba18-951ec5af9103,fddaf8e9-6acb-4f4d-9e99-d57f7fba847d,25-26,PREESCOLAR,1,CAMPUS,ACTIVA,2025-09-01,2025-09-01,,
25-26:a289cbad-dbdb-4e9c-8afd-aeef6bbd7fcb,a289cbad-dbdb-4e9c-8afd-aeef6bbd7fcb,fddaf8e9-6acb-4f4d-9e99-d57f7fba847d,25-26,PRIMARIA,5,OFFICIAL_SEP,ACTIVA,2025-09-01,2025-09-01,,
25-26:a4c9cada-bb7c-4116-8091-8b3e944aba30,a4c9cada-bb7c-4116-8091-8b3e944aba30,fddaf8e9-6acb-4f4d-9e99-d57f7fba847d,25-26,PRIMARIA,1,OFFICIAL_SEP,ACTIVA,2025-09-01,2025-09-01,,
25-26:a6b37970-a2fa-4a7b-8b11-d3e5151b40b3,a6b37970-a2fa-4a7b-8b11-d3e5151b40b3,fddaf8e9-6acb-4f4d-9e99-d57f7fba847d,25-26,PRIMARIA,5,OFFICIAL_SEP,ACTIVA,2025-09-01,2025-09-01,,
25-26:a71be5b5-f484-434a-912c-d679234166b5,a71be5b5-f484-434a-912c-d679234166b5,fddaf8e9-6acb-4f4d-9e99-d57f7fba847d,25-26,PRIMARIA,3,OFFICIAL_SEP,ACTIVA,2025-09-01,2025-09-01,,
25-26:a8144361-4bce-487c-bc3a-949391e8d895,a8144361-4bce-487c-bc3a-949391e8d895,fddaf8e9-6acb-4f4d-9e99-d57f7fba847d,25-26,PRIMARIA,5,OFFICIAL_SEP,ACTIVA,2025-09-01,2025-09-01,,
25-26:abea3641-4bdf-451a-8710-fa95ab34cab7,abea3641-4bdf-451a-8710-fa95ab34cab7,fddaf8e9-6acb-4f4d-9e99-d57f7fba847d,25-26,PRIMARIA,2,OFFICIAL_SEP,ACTIVA,2025-09-01,2025-09-01,,
25-26:ade9cbc4-6693-4456-b351-ef101774e7e4,ade9cbc4-6693-4456-b351-ef101774e7e4,fddaf8e9-6acb-4f4d-9e99-d57f7fba847d,25-26,PRIMARIA,5,OFFICIAL_SEP,ACTIVA,2025-09-01,2025-09-01,,
25-26:ae5f806a-46b0-4a53-8eb3-9a5dd3e9d0dd,ae5f806a-46b0-4a53-8eb3-9a5dd3e9d0dd,fddaf8e9-6acb-4f4d-9e99-d57f7fba847d,25-26,PRIMARIA,2,OFFICIAL_SEP,ACTIVA,2025-09-01,2025-09-01,,
25-26:afa0658f-b7b9-4fb1-997b-0e0fcf93b4e1,afa0658f-b7b9-4fb1-997b-0e0fcf93b4e1,fddaf8e9-6acb-4f4d-9e99-d57f7fba847d,25-26,PREESCOLAR,2,OFFICIAL_SEP,ACTIVA,2025-09-01,2025-09-01,,
25-26:b032b2a8-6144-4f39-8707-e4b41330b9d8,b032b2a8-6144-4f39-8707-e4b41330b9d8,fddaf8e9-6acb-4f4d-9e99-d57f7fba847d,25-26,PREESCOLAR,2,OFFICIAL_SEP,ACTIVA,2025-09-01,2025-09-01,,
25-26:b7f24e9c-6a1d-4b5a-9b34-c72abe5f4c40,b7f24e9c-6a1d-4b5a-9b34-c72abe5f4c40,fddaf8e9-6acb-4f4d-9e99-d57f7fba847d,25-26,PRIMARIA,4,OFFICIAL_SEP,ACTIVA,2025-09-01,2025-09-01,,
25-26:bcb7ffd8-0cfa-449a-88d5-626f505cb19c,bcb7ffd8-0cfa-449a-88d5-626f505cb19c,fddaf8e9-6acb-4f4d-9e99-d57f7fba847d,25-26,PREESCOLAR,2,OFFICIAL_SEP,ACTIVA,2025-09-01,2025-09-01,,
25-26:bfce22f5-d7f1-4b93-8fc1-eb5907831b0c,bfce22f5-d7f1-4b93-8fc1-eb5907831b0c,fddaf8e9-6acb-4f4d-9e99-d57f7fba847d,25-26,PRIMARIA,5,OFFICIAL_SEP,ACTIVA,2025-09-01,2025-09-01,,
25-26:c56d34dd-a1d8-4603-9194-4da21924592b,c56d34dd-a1d8-4603-9194-4da21924592b,fddaf8e9-6acb-4f4d-9e99-d57f7fba847d,25-26,PRIMARIA,6,OFFICIAL_SEP,ACTIVA,2025-09-01,2025-09-01,,
25-26:c94e75bd-f940-4e2f-a9b3-2d1dc8ad0554,c94e75bd-f940-4e2f-a9b3-2d1dc8ad0554,fddaf8e9-6acb-4f4d-9e99-d57f7fba847d,25-26,PREESCOLAR,2,OFFICIAL_SEP,ACTIVA,2025-09-01,2025-09-01,,
25-26:d08fe665-bb14-41a1-b1b8-902320280075,d08fe665-bb14-41a1-b1b8-902320280075,fddaf8e9-6acb-4f4d-9e99-d57f7fba847d,25-26,PRIMARIA,1,OFFICIAL_SEP,ACTIVA,2025-09-01,2025-09-01,,
25-26:d2ce7388-b95d-4fac-865f-c1372e8f1f99,d2ce7388-b95d-4fac-865f-c1372e8f1f99,fddaf8e9-6acb-4f4d-9e99-d57f7fba847d,25-26,PRIMARIA,6,OFFICIAL_SEP,ACTIVA,2025-09-01,2025-09-01,,
25-26:d81e498e-7690-4676-9957-8b832ccf8ea0,d81e498e-7690-4676-9957-8b832ccf8ea0,fddaf8e9-6acb-4f4d-9e99-d57f7fba847d,25-26,PRIMARIA,2,OFFICIAL_SEP,ACTIVA,2025-09-01,2025-09-01,,
25-26:d8b23e94-04f7-4eed-9748-9c90f9758257,d8b23e94-04f7-4eed-9748-9c90f9758257,fddaf8e9-6acb-4f4d-9e99-d57f7fba847d,25-26,PRIMARIA,2,OFFICIAL_SEP,ACTIVA,2025-09-01,2025-09-01,,
25-26:df9c3a2b-804a-47bc-9b11-eb45575dad16,df9c3a2b-804a-47bc-9b11-eb45575dad16,fddaf8e9-6acb-4f4d-9e99-d57f7fba847d,25-26,PRIMARIA,4,OFFICIAL_SEP,ACTIVA,2025-09-01,2025-09-01,,
25-26:e2808836-b027-41af-8918-de113abd6e4a,e2808836-b027-41af-8918-de113abd6e4a,fddaf8e9-6acb-4f4d-9e99-d57f7fba847d,25-26,PRIMARIA,3,OFFICIAL_SEP,ACTIVA,2025-09-01,2025-09-01,,
25-26:e3a81bd9-718d-4a32-8722-37f4723b7edc,e3a81bd9-718d-4a32-8722-37f4723b7edc,fddaf8e9-6acb-4f4d-9e99-d57f7fba847d,25-26,PRIMARIA,4,OFFICIAL_SEP,ACTIVA,2025-09-01,2025-09-01,,
25-26:e57db8cf-8012-4fa3-b822-41d98008dc00,e57db8cf-8012-4fa3-b822-41d98008dc00,fddaf8e9-6acb-4f4d-9e99-d57f7fba847d,25-26,PRIMARIA,5,OFFICIAL_SEP,ACTIVA,2025-09-01,2025-09-01,,
25-26:e5a7742b-06e9-4add-a1c7-4049a93b2b75,e5a7742b-06e9-4add-a1c7-4049a93b2b75,fddaf8e9-6acb-4f4d-9e99-d57f7fba847d,25-26,PREESCOLAR,2,OFFICIAL_SEP,ACTIVA,2025-09-01,2025-09-01,,
25-26:ea4ba647-d045-4e06-ae83-397c1aa0fb8d,ea4ba647-d045-4e06-ae83-397c1aa0fb8d,fddaf8e9-6acb-4f4d-9e99-d57f7fba847d,25-26,PREESCOLAR,2,OFFICIAL_SEP,ACTIVA,2025-09-01,2025-09-01,,
25-26:eb5427dd-f41c-4408-8815-26493a90c351,eb5427dd-f41c-4408-8815-26493a90c351,fddaf8e9-6acb-4f4d-9e99-d57f7fba847d,25-26,PRIMARIA,1,OFFICIAL_SEP,BAJA,2025-09-01,2025-09-01,,
25-26:edd2b7ac-5bca-4650-8c2e-75f65e70849f,edd2b7ac-5bca-4650-8c2e-75f65e70849f,fddaf8e9-6acb-4f4d-9e99-d57f7fba847d,25-26,PRIMARIA,1,OFFICIAL_SEP,ACTIVA,2025-09-01,2025-09-01,,
25-26:f0fe1f2d-d8f7-4f5d-b713-d15b3cc1f577,f0fe1f2d-d8f7-4f5d-b713-d15b3cc1f577,fddaf8e9-6acb-4f4d-9e99-d57f7fba847d,25-26,PRIMARIA,1,CAMPUS,BAJA,2025-09-01,2025-09-01,,
25-26:f425a981-e85a-4cb0-95a0-1de810c18a53,f425a981-e85a-4cb0-95a0-1de810c18a53,fddaf8e9-6acb-4f4d-9e99-d57f7fba847d,25-26,PREESCOLAR,3,OFFICIAL_SEP,ACTIVA,2025-09-01,2025-09-01,,
25-26:f55dbff7-6831-4d96-8262-f103ccf4bd43,f55dbff7-6831-4d96-8262-f103ccf4bd43,fddaf8e9-6acb-4f4d-9e99-d57f7fba847d,25-26,PREESCOLAR,2,OFFICIAL_SEP,ACTIVA,2025-09-01,2025-09-01,,
25-26:f5bb300e-d8ed-4cca-b176-cb11e46338bd,f5bb300e-d8ed-4cca-b176-cb11e46338bd,fddaf8e9-6acb-4f4d-9e99-d57f7fba847d,25-26,PRIMARIA,6,OFFICIAL_SEP,ACTIVA,2025-09-01,2025-09-01,,
25-26:f618e808-f64d-40f7-ac44-d3b6ddc0f0a7,f618e808-f64d-40f7-ac44-d3b6ddc0f0a7,fddaf8e9-6acb-4f4d-9e99-d57f7fba847d,25-26,PRIMARIA,2,OFFICIAL_SEP,ACTIVA,2025-09-01,2025-09-01,,
25-26:f9b527e1-7319-4c6c-b3bf-431bf9843bfb,f9b527e1-7319-4c6c-b3bf-431bf9843bfb,fddaf8e9-6acb-4f4d-9e99-d57f7fba847d,25-26,PRIMARIA,2,OFFICIAL_SEP,ACTIVA,2025-09-01,2025-09-01,,
25-26:fa437269-6375-40e4-87dc-f133c454a67b,fa437269-6375-40e4-87dc-f133c454a67b,fddaf8e9-6acb-4f4d-9e99-d57f7fba847d,25-26,PRIMARIA,1,OFFICIAL_SEP,ACTIVA,2025-09-01,2025-09-01,,
25-26:fdee6234-bf6d-4d45-bbd4-731a1c453987,fdee6234-bf6d-4d45-bbd4-731a1c453987,fddaf8e9-6acb-4f4d-9e99-d57f7fba847d,25-26,PRIMARIA,4,OFFICIAL_SEP,ACTIVA,2025-09-01,2025-09-01,,
