legacy_agreement_key,legacy_student_id,concept_code,legacy_price_id,base_amount_snapshot,benefit_type_snapshot,benefit_value_snapshot,agreed_amount,valid_from,valid_until,reason,source
40dc866f-fce4-4635-bf68-fa98f8b87c6e|ENROLLMENT_FEE|2025-09-01,40dc866f-fce4-4635-bf68-fa98f8b87c6e,ENROLLMENT_FEE,000b6426-6a90-41bc-9def-9fd729e6df5c,2500.00,,,2500.00,2025-09-01,,,LEGACY_PRICE_HISTORY
c94e75bd-f940-4e2f-a9b3-2d1dc8ad0554|TUITION|2025-09-02,c94e75bd-f940-4e2f-a9b3-2d1dc8ad0554,TUITION,0198adc9-27a3-4ec5-ac6d-c9762d70e297,1500.00,,,1500.00,2025-09-02,2025-09-02,Alta inicial (personalizada),LEGACY_PRICE_HISTORY
c94e75bd-f940-4e2f-a9b3-2d1dc8ad0554|TUITION|2025-09-03,c94e75bd-f940-4e2f-a9b3-2d1dc8ad0554,TUITION,79feb6b4-62ee-47b1-981b-00a4f63ce8c8,1500.00,,,1500.00,2025-09-03,,Alta inicial (personalizada),LEGACY_PRICE_HISTORY
3523dbd3-f616-4c1d-9a52-db64d88e0b23|ENROLLMENT_FEE|2025-02-01,3523dbd3-f616-4c1d-9a52-db64d88e0b23,ENROLLMENT_FEE,0314a097-5857-401e-8e25-41bb1fe69021,1100.00,,,1100.00,2025-02-01,,,LEGACY_PRICE_HISTORY
61ed3b0d-3542-46bc-a02d-4f73b36cffd3|TUITION|2025-09-01,61ed3b0d-3542-46bc-a02d-4f73b36cffd3,TUITION,0921d120-e30d-47e3-8f4d-384a085bd3d7,1600.00,FIXED_AMOUNT,500.00,1100.00,2025-09-01,,beca christian,LEGACY_PRICE_HISTORY
bfce22f5-d7f1-4b93-8fc1-eb5907831b0c|TUITION|2025-09-02,bfce22f5-d7f1-4b93-8fc1-eb5907831b0c,TUITION,7795e752-fabf-4db9-8ebe-7057f599f8c0,1600.00,FIXED_AMOUNT,600.00,1000.00,2025-09-02,2025-09-02,beca fran,LEGACY_PRICE_HISTORY
bfce22f5-d7f1-4b93-8fc1-eb5907831b0c|TUITION|2025-09-03,bfce22f5-d7f1-4b93-8fc1-eb5907831b0c,TUITION,09666bfa-2ede-4f54-8bed-2fef7d2d5a72,1600.00,FIXED_AMOUNT,100.00,1500.00,2025-09-03,,,LEGACY_PRICE_HISTORY
b7f24e9c-6a1d-4b5a-9b34-c72abe5f4c40|ENROLLMENT_FEE|2026-04-10,b7f24e9c-6a1d-4b5a-9b34-c72abe5f4c40,ENROLLMENT_FEE,096e8b75-b23b-41e8-86a5-ec64f6b61ed5,1000.00,,,1000.00,2026-04-10,,,LEGACY_PRICE_HISTORY
2fe35f28-fbab-491d-91b2-3d939e6b55bd|ENROLLMENT_FEE|2025-02-15,2fe35f28-fbab-491d-91b2-3d939e6b55bd,ENROLLMENT_FEE,0d719067-6831-49c0-ba67-becd3a9f8278,1100.00,,,1100.00,2025-02-15,,preinscripciones,LEGACY_PRICE_HISTORY
6539fe6a-8f3f-4a06-aa20-dbb71a0a4ccb|ENROLLMENT_FEE|2025-09-01,6539fe6a-8f3f-4a06-aa20-dbb71a0a4ccb,ENROLLMENT_FEE,0e63ec89-ab56-4789-8a3f-10072988d11c,2500.00,,,2500.00,2025-09-01,,,LEGACY_PRICE_HISTORY
209dac48-1e05-4390-a5da-676e1ee3b311|TUITION|2025-09-02,209dac48-1e05-4390-a5da-676e1ee3b311,TUITION,100599ea-a307-434f-9b35-f1fd1eb85084,1600.00,FIXED_AMOUNT,600.00,1000.00,2025-09-02,,Beca Fran,LEGACY_PRICE_HISTORY
69450844-df68-4eb9-a465-967c31417074|ENROLLMENT_FEE|2025-02-01,69450844-df68-4eb9-a465-967c31417074,ENROLLMENT_FEE,10a06f3e-dcd5-41ca-9943-f5a84959ab61,1100.00,,,1100.00,2025-02-01,,,LEGACY_PRICE_HISTORY
5b6f10bf-24ec-4e49-8839-dbf02ee4cd75|TUITION|2025-09-02,5b6f10bf-24ec-4e49-8839-dbf02ee4cd75,TUITION,10df1fe0-9364-4431-afb6-77ac4311cbee,1600.00,FIXED_AMOUNT,100.00,1500.00,2025-09-02,,Alta inicial (personalizada),LEGACY_PRICE_HISTORY
0e861609-c592-4713-bfad-a86c2f7d1c00|TUITION|2025-09-02,0e861609-c592-4713-bfad-a86c2f7d1c00,TUITION,11e2a7fa-ffcd-43b8-96ae-b65f8787fe60,1600.00,,,1600.00,2025-09-02,,Alta inicial (personalizada),LEGACY_PRICE_HISTORY
81db6f65-f0d0-45e2-93d7-8d0e5c3dc56a|TUITION|2025-09-01,81db6f65-f0d0-45e2-93d7-8d0e5c3dc56a,TUITION,1659e568-ea89-49a4-9499-3080f67ae56b,1500.00,FIXED_AMOUNT,500.00,1000.00,2025-09-01,,Alta inicial (personalizada),LEGACY_PRICE_HISTORY
58f5f801-a774-4b45-8960-aec7b7127187|TUITION|2025-09-02,58f5f801-a774-4b45-8960-aec7b7127187,TUITION,18002a07-9008-44bf-a421-035c6f8a41ff,1600.00,,,1600.00,2025-09-02,,Alta inicial (personalizada),LEGACY_PRICE_HISTORY
2645afb7-c140-490c-b8db-c0dd4fbf6e11|TUITION|2025-09-01,2645afb7-c140-490c-b8db-c0dd4fbf6e11,TUITION,1a15b055-350a-4f93-9dd1-50c238cf04d3,1500.00,,,1500.00,2025-09-01,,Alta inicial (personalizada),LEGACY_PRICE_HISTORY
f425a981-e85a-4cb0-95a0-1de810c18a53|TUITION|2025-09-02,f425a981-e85a-4cb0-95a0-1de810c18a53,TUITION,1ae474a6-5637-4f41-8dc6-bec3e89878db,1500.00,FIXED_AMOUNT,500.00,1000.00,2025-09-02,,Descuento Fran,LEGACY_PRICE_HISTORY
afa0658f-b7b9-4fb1-997b-0e0fcf93b4e1|ENROLLMENT_FEE|2025-09-01,afa0658f-b7b9-4fb1-997b-0e0fcf93b4e1,ENROLLMENT_FEE,409fa25b-b853-4509-a0e6-c89cd0ceba94,2500.00,,,2500.00,2025-09-01,2025-09-01,,LEGACY_PRICE_HISTORY
afa0658f-b7b9-4fb1-997b-0e0fcf93b4e1|ENROLLMENT_FEE|2025-09-02,afa0658f-b7b9-4fb1-997b-0e0fcf93b4e1,ENROLLMENT_FEE,1dc55f09-1dd7-409b-a877-15e5864ce36e,1100.00,,,1100.00,2025-09-02,,Periodo Preinscripciones,LEGACY_PRICE_HISTORY
8d1da005-457e-4b91-b44a-605b0ca3c47a|ENROLLMENT_FEE|2025-09-01,8d1da005-457e-4b91-b44a-605b0ca3c47a,ENROLLMENT_FEE,1df4cb7f-ff8d-45b8-ba3b-9e937bfbd5c1,2400.00,,,2400.00,2025-09-01,,,LEGACY_PRICE_HISTORY
eb5427dd-f41c-4408-8815-26493a90c351|ENROLLMENT_FEE|2025-09-01,eb5427dd-f41c-4408-8815-26493a90c351,ENROLLMENT_FEE,20323dcd-7ea2-4f0c-a7f6-bd913cf62e89,2500.00,,,2500.00,2025-09-01,,,LEGACY_PRICE_HISTORY
8568473f-3a83-4adb-8aed-358e4481b99c|TUITION|2025-09-01,8568473f-3a83-4adb-8aed-358e4481b99c,TUITION,21bc96b3-44b0-422e-8d6c-792b54c6026d,1500.00,FIXED_AMOUNT,1500.00,0.00,2025-09-01,,No paga es  familiar,LEGACY_PRICE_HISTORY
d81e498e-7690-4676-9957-8b832ccf8ea0|TUITION|2025-09-02,d81e498e-7690-4676-9957-8b832ccf8ea0,TUITION,23415d8a-b1f5-4d0c-adae-45fcbca1c35d,1600.00,FIXED_AMOUNT,400.00,1200.00,2025-09-02,,beca hermanos,LEGACY_PRICE_HISTORY
0baa1c8c-b4cb-4c7c-b909-3af50436661e|TUITION|2025-09-01,0baa1c8c-b4cb-4c7c-b909-3af50436661e,TUITION,24c77efe-9185-4493-9321-b2c7259564d4,1500.00,FIXED_AMOUNT,1500.00,0.00,2025-09-01,2025-09-01,,LEGACY_PRICE_HISTORY
0baa1c8c-b4cb-4c7c-b909-3af50436661e|TUITION|2025-09-02,0baa1c8c-b4cb-4c7c-b909-3af50436661e,TUITION,842ca7ba-ca13-47fb-a37a-888c58d9f8f8,1500.00,FIXED_AMOUNT,1500.00,0.00,2025-09-02,,,LEGACY_PRICE_HISTORY
562676d8-327a-4012-97e1-f0cfefc685b0|TUITION|2025-09-01,562676d8-327a-4012-97e1-f0cfefc685b0,TUITION,24d2fd6d-4e96-4d28-a360-a9567979daef,1600.00,FIXED_AMOUNT,100.00,1500.00,2025-09-01,,beca fran,LEGACY_PRICE_HISTORY
07d3c06f-1b7d-4925-b8d6-cfb887acabb6|ENROLLMENT_FEE|2025-09-01,07d3c06f-1b7d-4925-b8d6-cfb887acabb6,ENROLLMENT_FEE,25306865-46a0-44b4-a6a9-5d85b1536d17,2500.00,,,2500.00,2025-09-01,,,LEGACY_PRICE_HISTORY
c94e75bd-f940-4e2f-a9b3-2d1dc8ad0554|ENROLLMENT_FEE|2025-09-01,c94e75bd-f940-4e2f-a9b3-2d1dc8ad0554,ENROLLMENT_FEE,25d33bae-08e8-47b5-ada8-694fdd838d22,2500.00,,,2500.00,2025-09-01,,,LEGACY_PRICE_HISTORY
6539fe6a-8f3f-4a06-aa20-dbb71a0a4ccb|TUITION|2025-09-02,6539fe6a-8f3f-4a06-aa20-dbb71a0a4ccb,TUITION,26c4633a-e251-41b7-8cc9-13937710f2bd,1600.00,,,1600.00,2025-09-02,,Alta inicial (personalizada),LEGACY_PRICE_HISTORY
d08fe665-bb14-41a1-b1b8-902320280075|TUITION|2025-09-01,d08fe665-bb14-41a1-b1b8-902320280075,TUITION,282dfca9-06e3-427e-9052-0968b2243bf3,1600.00,,,1600.00,2025-09-01,,Alta inicial (personalizada),LEGACY_PRICE_HISTORY
81db6f65-f0d0-45e2-93d7-8d0e5c3dc56a|ENROLLMENT_FEE|2025-02-05,81db6f65-f0d0-45e2-93d7-8d0e5c3dc56a,ENROLLMENT_FEE,2899d873-77b7-44c9-a8e2-701e8e3aa018,1100.00,,,1100.00,2025-02-05,,,LEGACY_PRICE_HISTORY
5af22e45-f9f7-4577-b07b-7ce4a7940329|ENROLLMENT_FEE|2025-02-01,5af22e45-f9f7-4577-b07b-7ce4a7940329,ENROLLMENT_FEE,28c62c51-2658-43e3-b8fc-b4d00fecb16d,1100.00,,,1100.00,2025-02-01,,,LEGACY_PRICE_HISTORY
ea4ba647-d045-4e06-ae83-397c1aa0fb8d|ENROLLMENT_FEE|2025-02-14,ea4ba647-d045-4e06-ae83-397c1aa0fb8d,ENROLLMENT_FEE,2a108665-6f4c-49e2-a138-4abae2c6643d,1100.00,,,1100.00,2025-02-14,,Periodo de preinscripciones,LEGACY_PRICE_HISTORY
58676041-fe76-4791-9f8b-7bc1dad83cb8|TUITION|2025-09-03,58676041-fe76-4791-9f8b-7bc1dad83cb8,TUITION,2a83e07f-9c75-4792-8c0e-a33e027ab4d9,1500.00,,,1500.00,2025-09-03,,Alta inicial (personalizada),LEGACY_PRICE_HISTORY
4f28d56c-a1e3-4052-87a3-ecd1d9b0d5b6|ENROLLMENT_FEE|2025-09-15,4f28d56c-a1e3-4052-87a3-ecd1d9b0d5b6,ENROLLMENT_FEE,2af599d3-b29a-4d1f-bba0-95cedd150a08,2000.00,,,2000.00,2025-09-15,,,LEGACY_PRICE_HISTORY
37b6c311-9c1a-461e-a70b-d93557cdbc0d|ENROLLMENT_FEE|2025-06-15,37b6c311-9c1a-461e-a70b-d93557cdbc0d,ENROLLMENT_FEE,2bcb03d4-0668-4ebb-bce4-ad526fb0af69,2400.00,,,2400.00,2025-06-15,2025-08-31,,LEGACY_PRICE_HISTORY
37b6c311-9c1a-461e-a70b-d93557cdbc0d|ENROLLMENT_FEE|2025-09-01,37b6c311-9c1a-461e-a70b-d93557cdbc0d,ENROLLMENT_FEE,4dca9c74-8ef5-469b-85c1-673d42c83b0a,2500.00,,,2500.00,2025-09-01,,,LEGACY_PRICE_HISTORY
6f2f8410-2704-4938-8538-21edb5b8221a|ENROLLMENT_FEE|2025-02-01,6f2f8410-2704-4938-8538-21edb5b8221a,ENROLLMENT_FEE,2cc59039-2c1d-4f38-957a-e31b41af37b8,1100.00,,,1100.00,2025-02-01,,,LEGACY_PRICE_HISTORY
8526d610-1516-448b-80fe-67bed0d43c11|TUITION|2025-09-02,8526d610-1516-448b-80fe-67bed0d43c11,TUITION,2d019072-41f8-4bb0-8657-0924f116b9b7,1600.00,FIXED_AMOUNT,1600.00,0.00,2025-09-02,,hija ex maestra,LEGACY_PRICE_HISTORY
273286ee-1011-4ae2-828e-974f625a6fd2|ENROLLMENT_FEE|2025-09-01,273286ee-1011-4ae2-828e-974f625a6fd2,ENROLLMENT_FEE,413b31f5-ab29-4105-b2c5-2010599cda3b,2400.00,,,2400.00,2025-09-01,2025-09-01,,LEGACY_PRICE_HISTORY
273286ee-1011-4ae2-828e-974f625a6fd2|ENROLLMENT_FEE|2025-09-02,273286ee-1011-4ae2-828e-974f625a6fd2,ENROLLMENT_FEE,2d21daf4-b7c8-46c4-9665-98c856578ada,2500.00,,,2500.00,2025-09-02,,,LEGACY_PRICE_HISTORY
37b6c311-9c1a-461e-a70b-d93557cdbc0d|TUITION|2025-09-02,37b6c311-9c1a-461e-a70b-d93557cdbc0d,TUITION,303c144b-736f-4f56-b6c3-285294311a1e,1500.00,FIXED_AMOUNT,400.00,1100.00,2025-09-02,2025-09-02,Beca Fran,LEGACY_PRICE_HISTORY
37b6c311-9c1a-461e-a70b-d93557cdbc0d|TUITION|2025-09-03,37b6c311-9c1a-461e-a70b-d93557cdbc0d,TUITION,c9e6b15b-32f3-40f7-936e-4bbbd96929d6,1500.00,FIXED_AMOUNT,500.00,1000.00,2025-09-03,,,LEGACY_PRICE_HISTORY
2a01ea65-7487-4834-ab23-855018d8868e|TUITION|2025-09-02,2a01ea65-7487-4834-ab23-855018d8868e,TUITION,321cbe36-d60c-43e1-bbd2-c6aa9767e67f,1600.00,FIXED_AMOUNT,400.00,1200.00,2025-09-02,2025-09-02,beca hermanas,LEGACY_PRICE_HISTORY
2a01ea65-7487-4834-ab23-855018d8868e|TUITION|2025-09-03,2a01ea65-7487-4834-ab23-855018d8868e,TUITION,509261cd-523a-4758-819e-7143106d0417,1600.00,FIXED_AMOUNT,100.00,1500.00,2025-09-03,,corrección de beca ajuste,LEGACY_PRICE_HISTORY
abea3641-4bdf-451a-8710-fa95ab34cab7|TUITION|2025-09-02,abea3641-4bdf-451a-8710-fa95ab34cab7,TUITION,35b99716-23cf-4119-991e-1e019154055d,1600.00,,,1600.00,2025-09-02,,Alta inicial (personalizada),LEGACY_PRICE_HISTORY
fa437269-6375-40e4-87dc-f133c454a67b|TUITION|2025-09-01,fa437269-6375-40e4-87dc-f133c454a67b,TUITION,35c29cda-b0b5-40ad-93ae-c1e6892a3060,1600.00,FIXED_AMOUNT,700.00,900.00,2025-09-01,,beca familiar,LEGACY_PRICE_HISTORY
3f6663d7-9b89-4ea2-9f06-5035caff6390|ENROLLMENT_FEE|2025-09-01,3f6663d7-9b89-4ea2-9f06-5035caff6390,ENROLLMENT_FEE,35fa272a-83ce-43e0-8537-b83e715e380f,2500.00,,,2500.00,2025-09-01,,,LEGACY_PRICE_HISTORY
00fca4aa-70ed-464e-822f-6272cba1d93e|TUITION|2025-09-02,00fca4aa-70ed-464e-822f-6272cba1d93e,TUITION,3814001c-ad8d-4b3d-95a5-18e85466df76,1600.00,FIXED_AMOUNT,200.00,1400.00,2025-09-02,,Beca Fran,LEGACY_PRICE_HISTORY
b032b2a8-6144-4f39-8707-e4b41330b9d8|ENROLLMENT_FEE|2025-09-01,b032b2a8-6144-4f39-8707-e4b41330b9d8,ENROLLMENT_FEE,384b5652-e2d2-45f7-ac53-6b8bcb010c25,2500.00,,,2500.00,2025-09-01,,,LEGACY_PRICE_HISTORY
3523dbd3-f616-4c1d-9a52-db64d88e0b23|TUITION|2025-09-02,3523dbd3-f616-4c1d-9a52-db64d88e0b23,TUITION,3aa656fa-1554-4e93-af68-9d6e0da1defd,1600.00,FIXED_AMOUNT,200.00,1400.00,2025-09-02,,beca fran,LEGACY_PRICE_HISTORY
a289cbad-dbdb-4e9c-8afd-aeef6bbd7fcb|ENROLLMENT_FEE|2025-02-05,a289cbad-dbdb-4e9c-8afd-aeef6bbd7fcb,ENROLLMENT_FEE,3c178cc7-2e48-4026-a480-9627fc956524,1100.00,,,1100.00,2025-02-05,,,LEGACY_PRICE_HISTORY
d2ce7388-b95d-4fac-865f-c1372e8f1f99|TUITION|2025-09-01,d2ce7388-b95d-4fac-865f-c1372e8f1f99,TUITION,4295aa52-42bd-403f-a125-11434f7738d9,1600.00,FIXED_AMOUNT,1600.00,0.00,2025-09-01,,beca fran,LEGACY_PRICE_HISTORY
2a0d752a-79d5-4658-bf0d-64b137383ac6|TUITION|2025-09-01,2a0d752a-79d5-4658-bf0d-64b137383ac6,TUITION,43151efd-c4b0-41cd-8b8e-3d8a24105cb0,1600.00,FIXED_AMOUNT,700.00,900.00,2025-09-01,,beca familia,LEGACY_PRICE_HISTORY
b7f24e9c-6a1d-4b5a-9b34-c72abe5f4c40|TUITION|2026-04-13,b7f24e9c-6a1d-4b5a-9b34-c72abe5f4c40,TUITION,452391a9-df0b-4e95-9c7b-09c88b0413d5,1600.00,,,1600.00,2026-04-13,,Alta inicial,LEGACY_PRICE_HISTORY
69450844-df68-4eb9-a465-967c31417074|TUITION|2025-09-02,69450844-df68-4eb9-a465-967c31417074,TUITION,462d8bd8-af76-4074-ad89-7a7df766dfd3,1600.00,,,1600.00,2025-09-02,,Alta inicial (personalizada),LEGACY_PRICE_HISTORY
e3a81bd9-718d-4a32-8722-37f4723b7edc|ENROLLMENT_FEE|2025-09-01,e3a81bd9-718d-4a32-8722-37f4723b7edc,ENROLLMENT_FEE,4762070a-4953-45bc-818a-7853477b1e1c,2500.00,,,2500.00,2025-09-01,,,LEGACY_PRICE_HISTORY
7c1e9bdc-6090-4313-a14b-1a94d13eeec8|TUITION|2025-09-01,7c1e9bdc-6090-4313-a14b-1a94d13eeec8,TUITION,488fd021-97bb-423d-ac59-ff17fba86c0e,1500.00,FIXED_AMOUNT,1500.00,0.00,2025-09-01,,hija de maestra,LEGACY_PRICE_HISTORY
0aca2748-83a1-4b8f-ae90-c4e31231af74|TUITION|2025-09-02,0aca2748-83a1-4b8f-ae90-c4e31231af74,TUITION,4a6a23e1-4eb5-4d94-8745-1497a96a8628,1600.00,FIXED_AMOUNT,1600.00,0.00,2025-09-02,,hija de maestra,LEGACY_PRICE_HISTORY
273286ee-1011-4ae2-828e-974f625a6fd2|TUITION|2025-09-03,273286ee-1011-4ae2-828e-974f625a6fd2,TUITION,4c597a59-0038-42a9-b4dc-0834decf3f6f,1600.00,,,1600.00,2025-09-03,,Alta inicial (personalizada),LEGACY_PRICE_HISTORY
79810b5e-1376-4f47-8619-11c72b08a14e|TUITION|2025-09-01,79810b5e-1376-4f47-8619-11c72b08a14e,TUITION,4c62c58e-1776-49a1-b67b-58e3a71637d2,1500.00,FIXED_AMOUNT,1500.00,0.00,2025-09-01,,becada familia,LEGACY_PRICE_HISTORY
f55dbff7-6831-4d96-8262-f103ccf4bd43|TUITION|2025-09-02,f55dbff7-6831-4d96-8262-f103ccf4bd43,TUITION,4d32d711-8215-4e14-93e1-f7cddb4fe3b9,1500.00,FIXED_AMOUNT,300.00,1200.00,2025-09-02,,Beca Hermanos 1,LEGACY_PRICE_HISTORY
3f41b6c5-35cb-41d3-a974-762ad0f1c7f3|ENROLLMENT_FEE|2025-09-01,3f41b6c5-35cb-41d3-a974-762ad0f1c7f3,ENROLLMENT_FEE,4e5cfdea-b9ff-47d4-ac59-2eb5f8354dc1,2500.00,,,2500.00,2025-09-01,,,LEGACY_PRICE_HISTORY
1e3beb16-3079-4aaa-93fc-a0203720434d|TUITION|2025-09-02,1e3beb16-3079-4aaa-93fc-a0203720434d,TUITION,4f10be07-f9ef-4a70-84ad-8188d896bb23,1600.00,,,1600.00,2025-09-02,,Alta inicial (personalizada),LEGACY_PRICE_HISTORY
a8144361-4bce-487c-bc3a-949391e8d895|ENROLLMENT_FEE|2025-02-27,a8144361-4bce-487c-bc3a-949391e8d895,ENROLLMENT_FEE,4f80bae6-b058-47e6-b03c-a13f83632f11,1100.00,,,1100.00,2025-02-27,,,LEGACY_PRICE_HISTORY
5b6f10bf-24ec-4e49-8839-dbf02ee4cd75|ENROLLMENT_FEE|2025-02-01,5b6f10bf-24ec-4e49-8839-dbf02ee4cd75,ENROLLMENT_FEE,505d64b5-1f13-4d97-83fd-c16e02548d47,1100.00,,,1100.00,2025-02-01,,,LEGACY_PRICE_HISTORY
a71be5b5-f484-434a-912c-d679234166b5|TUITION|2025-09-02,a71be5b5-f484-434a-912c-d679234166b5,TUITION,51306c2b-e8a9-4dbb-957c-9de7c10e6b11,1600.00,,,1600.00,2025-09-02,,Alta inicial (personalizada),LEGACY_PRICE_HISTORY
84e478c3-33cf-44e4-a8d3-2fa0be7ff15d|TUITION|2025-09-01,84e478c3-33cf-44e4-a8d3-2fa0be7ff15d,TUITION,51407976-bc8f-4dd9-b95a-7873dceda760,1500.00,FIXED_AMOUNT,1500.00,0.00,2025-09-01,,Hija de maestra,LEGACY_PRICE_HISTORY
ea4ba647-d045-4e06-ae83-397c1aa0fb8d|TUITION|2025-09-01,ea4ba647-d045-4e06-ae83-397c1aa0fb8d,TUITION,5237f823-c1a2-469f-93eb-6bb23f341243,1500.00,,,1500.00,2025-09-01,,Alta inicial (personalizada),LEGACY_PRICE_HISTORY
fdee6234-bf6d-4d45-bbd4-731a1c453987|ENROLLMENT_FEE|2025-02-01,fdee6234-bf6d-4d45-bbd4-731a1c453987,ENROLLMENT_FEE,526ec4b4-d763-48b6-90ba-a90106533749,1100.00,,,1100.00,2025-02-01,,,LEGACY_PRICE_HISTORY
a71be5b5-f484-434a-912c-d679234166b5|ENROLLMENT_FEE|2025-09-01,a71be5b5-f484-434a-912c-d679234166b5,ENROLLMENT_FEE,52f1e6e5-036a-4ab2-93a8-19631d8be17d,2500.00,,,2500.00,2025-09-01,,,LEGACY_PRICE_HISTORY
d81e498e-7690-4676-9957-8b832ccf8ea0|ENROLLMENT_FEE|2025-09-01,d81e498e-7690-4676-9957-8b832ccf8ea0,ENROLLMENT_FEE,5457b412-9f54-408f-b045-8d6ca3ff63fb,2500.00,,,2500.00,2025-09-01,,,LEGACY_PRICE_HISTORY
df9c3a2b-804a-47bc-9b11-eb45575dad16|ENROLLMENT_FEE|2025-02-01,df9c3a2b-804a-47bc-9b11-eb45575dad16,ENROLLMENT_FEE,550b176a-596d-478b-81a5-38265b0ef84e,1100.00,,,1100.00,2025-02-01,,,LEGACY_PRICE_HISTORY
edd2b7ac-5bca-4650-8c2e-75f65e70849f|TUITION|2025-09-01,edd2b7ac-5bca-4650-8c2e-75f65e70849f,TUITION,555eb055-6d0a-4b79-b305-4e4aca9e51ca,1600.00,FIXED_AMOUNT,400.00,1200.00,2025-09-01,,beca hermanos,LEGACY_PRICE_HISTORY
83744ef9-a5f4-4c6a-9c81-a6ea4f9507cf|ENROLLMENT_FEE|2025-09-01,83744ef9-a5f4-4c6a-9c81-a6ea4f9507cf,ENROLLMENT_FEE,559f8a32-398e-45ff-a07d-636eaf000ce8,2500.00,,,2500.00,2025-09-01,,,LEGACY_PRICE_HISTORY
61565b9f-a82a-49cf-aa9f-3e7df8d7889c|ENROLLMENT_FEE|2025-09-01,61565b9f-a82a-49cf-aa9f-3e7df8d7889c,ENROLLMENT_FEE,566b9cb8-9eb0-4351-aa1c-090453f7208f,2500.00,,,2500.00,2025-09-01,,,LEGACY_PRICE_HISTORY
e57db8cf-8012-4fa3-b822-41d98008dc00|TUITION|2025-09-01,e57db8cf-8012-4fa3-b822-41d98008dc00,TUITION,56cca935-0be6-4be2-a2e3-a639c46dccf3,1600.00,FIXED_AMOUNT,100.00,1500.00,2025-09-01,,beca fran,LEGACY_PRICE_HISTORY
f618e808-f64d-40f7-ac44-d3b6ddc0f0a7|TUITION|2025-09-02,f618e808-f64d-40f7-ac44-d3b6ddc0f0a7,TUITION,58a62d78-6af8-4ae3-b70d-8bb3cc6c511b,1600.00,FIXED_AMOUNT,400.00,1200.00,2025-09-02,2025-09-02,beca hermanas,LEGACY_PRICE_HISTORY
f618e808-f64d-40f7-ac44-d3b6ddc0f0a7|TUITION|2025-09-03,f618e808-f64d-40f7-ac44-d3b6ddc0f0a7,TUITION,7f0b9545-1c90-4fda-a175-6fe8838d9536,1600.00,FIXED_AMOUNT,100.00,1500.00,2025-09-03,,corrección de beca ajuste,LEGACY_PRICE_HISTORY
0a79ced7-bab3-44d8-89da-e166880163bd|TUITION|2025-09-01,0a79ced7-bab3-44d8-89da-e166880163bd,TUITION,5909351a-da76-4156-9095-cd3cd07610d4,1500.00,FIXED_AMOUNT,600.00,900.00,2025-09-01,,Beca Familiar,LEGACY_PRICE_HISTORY
0489bdaf-c632-4a1f-9b8e-85dba33a74b0|TUITION|2025-09-02,0489bdaf-c632-4a1f-9b8e-85dba33a74b0,TUITION,5a36e575-cb6b-4b9a-8373-b71d21403add,1600.00,FIXED_AMOUNT,500.00,1100.00,2025-09-02,,beca isla,LEGACY_PRICE_HISTORY
8d1da005-457e-4b91-b44a-605b0ca3c47a|TUITION|2025-09-02,8d1da005-457e-4b91-b44a-605b0ca3c47a,TUITION,5b027b56-2795-462b-a3d9-981878f69f40,1600.00,,,1600.00,2025-09-02,,Alta inicial (personalizada),LEGACY_PRICE_HISTORY
ade9cbc4-6693-4456-b351-ef101774e7e4|TUITION|2025-09-02,ade9cbc4-6693-4456-b351-ef101774e7e4,TUITION,5b57f247-114d-4804-b532-8104e60e7190,1600.00,FIXED_AMOUNT,1100.00,500.00,2025-09-02,,beca fran,LEGACY_PRICE_HISTORY
0ec01322-e8d2-450f-b375-827d0bf81fe4|TUITION|2025-09-01,0ec01322-e8d2-450f-b375-827d0bf81fe4,TUITION,5e719dd1-c6a6-4cdc-a829-b266ef8d7f00,1600.00,FIXED_AMOUNT,1600.00,0.00,2025-09-01,,nieta martha camacho,LEGACY_PRICE_HISTORY
fa437269-6375-40e4-87dc-f133c454a67b|ENROLLMENT_FEE|2025-02-10,fa437269-6375-40e4-87dc-f133c454a67b,ENROLLMENT_FEE,5e74737b-ba83-4a91-885f-f49c3c617b0f,1100.00,,,1100.00,2025-02-10,,,LEGACY_PRICE_HISTORY
64b7b8c4-c418-4b27-8aa7-31c44d2850f4|ENROLLMENT_FEE|2025-09-05,64b7b8c4-c418-4b27-8aa7-31c44d2850f4,ENROLLMENT_FEE,5fdbde3f-de5d-4e98-9637-868d32ab12a3,2500.00,,,2500.00,2025-09-05,,,LEGACY_PRICE_HISTORY
6d484f92-07ed-4ef5-acde-ed43c7314527|TUITION|2025-09-02,6d484f92-07ed-4ef5-acde-ed43c7314527,TUITION,5fe5813a-3cbb-40c4-b3ff-f1b3ed3fd057,1500.00,,,1500.00,2025-09-02,,Alta inicial (personalizada),LEGACY_PRICE_HISTORY
54a3ac62-0b3d-4d6f-ae14-f7adec420285|ENROLLMENT_FEE|2025-09-01,54a3ac62-0b3d-4d6f-ae14-f7adec420285,ENROLLMENT_FEE,635c0ed2-a786-4fa5-9ec0-9e3f242a5165,2500.00,,,2500.00,2025-09-01,,,LEGACY_PRICE_HISTORY
e2808836-b027-41af-8918-de113abd6e4a|ENROLLMENT_FEE|2025-09-01,e2808836-b027-41af-8918-de113abd6e4a,ENROLLMENT_FEE,6366b212-f1e7-44a1-8e7a-163a142d3e5e,2500.00,,,2500.00,2025-09-01,,,LEGACY_PRICE_HISTORY
61565b9f-a82a-49cf-aa9f-3e7df8d7889c|TUITION|2025-09-02,61565b9f-a82a-49cf-aa9f-3e7df8d7889c,TUITION,6502e3af-74e4-4477-940b-5927b67b4857,1600.00,,,1600.00,2025-09-02,,Alta inicial (personalizada),LEGACY_PRICE_HISTORY
8f7b36f8-3e15-40c5-bdda-da05aead70c2|TUITION|2025-09-01,8f7b36f8-3e15-40c5-bdda-da05aead70c2,TUITION,65ea54de-2ddb-417a-a09f-c2dc8632c96b,1600.00,FIXED_AMOUNT,1600.00,0.00,2025-09-01,,beca fran,LEGACY_PRICE_HISTORY
c56d34dd-a1d8-4603-9194-4da21924592b|TUITION|2025-09-01,c56d34dd-a1d8-4603-9194-4da21924592b,TUITION,82bb4bde-ecb2-4d19-82fb-8e09be175de5,1600.00,FIXED_AMOUNT,700.00,900.00,2025-09-01,2025-09-01,beca familia,LEGACY_PRICE_HISTORY
c56d34dd-a1d8-4603-9194-4da21924592b|TUITION|2025-09-02,c56d34dd-a1d8-4603-9194-4da21924592b,TUITION,66dbcbb7-5c1a-433b-8d14-462e1a7a1d0c,1600.00,FIXED_AMOUNT,600.00,1000.00,2025-09-02,,,LEGACY_PRICE_HISTORY
061d5f0c-2ec0-4698-a862-38cdd50d237d|TUITION|2026-04-29,061d5f0c-2ec0-4698-a862-38cdd50d237d,TUITION,691dd62d-0679-4ac2-96e8-0f327b4b29ae,1500.00,,,1500.00,2026-04-29,,Ingresa Hoy,LEGACY_PRICE_HISTORY
6a9b25d0-e6e4-4cf2-94ef-4ba0a59c5b2d|TUITION|2025-09-02,6a9b25d0-e6e4-4cf2-94ef-4ba0a59c5b2d,TUITION,69d49507-4c04-4ddc-80f3-00f92e91fb21,1600.00,FIXED_AMOUNT,600.00,1000.00,2025-09-02,,beca 3 hermanos,LEGACY_PRICE_HISTORY
6a9b25d0-e6e4-4cf2-94ef-4ba0a59c5b2d|ENROLLMENT_FEE|2025-02-01,6a9b25d0-e6e4-4cf2-94ef-4ba0a59c5b2d,ENROLLMENT_FEE,6a38b99e-df68-40f9-89a6-3c7fc8069f34,1100.00,,,1100.00,2025-02-01,,,LEGACY_PRICE_HISTORY
4f28d56c-a1e3-4052-87a3-ecd1d9b0d5b6|TUITION|2025-09-01,4f28d56c-a1e3-4052-87a3-ecd1d9b0d5b6,TUITION,6c11909c-84c5-4927-a49d-506096d2acd0,1500.00,,,1500.00,2025-09-01,2025-09-01,Alta inicial (personalizada),LEGACY_PRICE_HISTORY
4f28d56c-a1e3-4052-87a3-ecd1d9b0d5b6|TUITION|2025-09-02,4f28d56c-a1e3-4052-87a3-ecd1d9b0d5b6,TUITION,f983f92a-0a6d-4256-8fd7-5456a95739f6,1500.00,,,1500.00,2025-09-02,,Alta inicial (personalizada),LEGACY_PRICE_HISTORY
317e5fd7-d8e6-4476-b348-a0a726649924|TUITION|2025-09-02,317e5fd7-d8e6-4476-b348-a0a726649924,TUITION,6c1d838f-cdce-467a-a030-42e72d89d5d0,1500.00,FIXED_AMOUNT,300.00,1200.00,2025-09-02,,Beca Hermanos,LEGACY_PRICE_HISTORY
5cb7777e-5664-4929-b875-cddff5a7c18c|TUITION|2025-09-02,5cb7777e-5664-4929-b875-cddff5a7c18c,TUITION,7203519e-eefa-4140-9721-b245476bf155,1600.00,FIXED_AMOUNT,100.00,1500.00,2025-09-02,,Beca Fran,LEGACY_PRICE_HISTORY
2fe35f28-fbab-491d-91b2-3d939e6b55bd|TUITION|2025-09-01,2fe35f28-fbab-491d-91b2-3d939e6b55bd,TUITION,739204c7-54d6-40ad-ac6a-89b85af7d168,1500.00,,,1500.00,2025-09-01,,Alta inicial (personalizada),LEGACY_PRICE_HISTORY
e5a7742b-06e9-4add-a1c7-4049a93b2b75|TUITION|2025-11-03,e5a7742b-06e9-4add-a1c7-4049a93b2b75,TUITION,76d6b291-927d-42d8-b85c-427c421f0d18,1500.00,FIXED_AMOUNT,400.00,1100.00,2025-11-03,,Primer día del niño en el colegio,LEGACY_PRICE_HISTORY
f55dbff7-6831-4d96-8262-f103ccf4bd43|ENROLLMENT_FEE|2025-02-25,f55dbff7-6831-4d96-8262-f103ccf4bd43,ENROLLMENT_FEE,bb1693df-3858-417c-86d7-1faef2da2d33,1100.00,,,1100.00,2025-02-25,2025-08-31,,LEGACY_PRICE_HISTORY
f55dbff7-6831-4d96-8262-f103ccf4bd43|ENROLLMENT_FEE|2025-09-01,f55dbff7-6831-4d96-8262-f103ccf4bd43,ENROLLMENT_FEE,7832eb78-9b4c-41ed-bc77-19123cd42846,2400.00,,,2400.00,2025-09-01,,,LEGACY_PRICE_HISTORY
eb5427dd-f41c-4408-8815-26493a90c351|TUITION|2025-09-02,eb5427dd-f41c-4408-8815-26493a90c351,TUITION,799569b8-f34e-46a2-ba91-770530945bf8,1600.00,FIXED_AMOUNT,500.00,1100.00,2025-09-02,,beca isla,LEGACY_PRICE_HISTORY
bcb7ffd8-0cfa-449a-88d5-626f505cb19c|TUITION|2026-02-03,bcb7ffd8-0cfa-449a-88d5-626f505cb19c,TUITION,7d8c266a-aa64-4066-a21e-43bf3005a4f9,1500.00,FIXED_AMOUNT,400.00,1100.00,2026-02-03,,Alta inicial,LEGACY_PRICE_HISTORY
533aa94a-8eb8-436d-82ac-cb0d104f816e|TUITION|2025-09-01,533aa94a-8eb8-436d-82ac-cb0d104f816e,TUITION,7f6e62c0-d5c0-45cc-b8ff-671c18fadde3,1600.00,FIXED_AMOUNT,700.00,900.00,2025-09-01,,beca familiar,LEGACY_PRICE_HISTORY
e57db8cf-8012-4fa3-b822-41d98008dc00|ENROLLMENT_FEE|2025-02-01,e57db8cf-8012-4fa3-b822-41d98008dc00,ENROLLMENT_FEE,80ecad9a-becf-4726-bbbb-6c6ed42a6317,1100.00,,,1100.00,2025-02-01,,,LEGACY_PRICE_HISTORY
f618e808-f64d-40f7-ac44-d3b6ddc0f0a7|ENROLLMENT_FEE|2025-09-01,f618e808-f64d-40f7-ac44-d3b6ddc0f0a7,ENROLLMENT_FEE,80fa8f83-fd7e-450f-8072-39503735e987,2500.00,,,2500.00,2025-09-01,,,LEGACY_PRICE_HISTORY
83744ef9-a5f4-4c6a-9c81-a6ea4f9507cf|TUITION|2025-09-02,83744ef9-a5f4-4c6a-9c81-a6ea4f9507cf,TUITION,819c4547-36a2-4bc3-8443-ce06eec23cf9,1600.00,FIXED_AMOUNT,300.00,1300.00,2025-09-02,,Beca Fran,LEGACY_PRICE_HISTORY
df9c3a2b-804a-47bc-9b11-eb45575dad16|TUITION|2025-09-02,df9c3a2b-804a-47bc-9b11-eb45575dad16,TUITION,81e8ddaa-33ab-4f32-b657-044a74d956d4,1600.00,FIXED_AMOUNT,400.00,1200.00,2025-09-02,,beca hermanos,LEGACY_PRICE_HISTORY
e2808836-b027-41af-8918-de113abd6e4a|TUITION|2025-09-02,e2808836-b027-41af-8918-de113abd6e4a,TUITION,8428040a-6c97-4ed6-a470-cad287d10744,1600.00,,,1600.00,2025-09-02,,Alta inicial (personalizada),LEGACY_PRICE_HISTORY
99237104-4f6b-415e-88b1-7241d4cbfda3|TUITION|2025-09-02,99237104-4f6b-415e-88b1-7241d4cbfda3,TUITION,8478a489-79b7-40eb-a21b-6764f4256e6f,1600.00,FIXED_AMOUNT,1600.00,0.00,2025-09-02,,hijo de ex maestra,LEGACY_PRICE_HISTORY
317e5fd7-d8e6-4476-b348-a0a726649924|ENROLLMENT_FEE|2025-09-01,317e5fd7-d8e6-4476-b348-a0a726649924,ENROLLMENT_FEE,84868e52-762b-4e5b-b541-d953b22d7933,2500.00,,,2500.00,2025-09-01,,,LEGACY_PRICE_HISTORY
e5a7742b-06e9-4add-a1c7-4049a93b2b75|ENROLLMENT_FEE|2025-02-01,e5a7742b-06e9-4add-a1c7-4049a93b2b75,ENROLLMENT_FEE,8498cd36-b12b-44f9-9c66-40f5a650fda2,1100.00,,,1100.00,2025-02-01,,,LEGACY_PRICE_HISTORY
0489bdaf-c632-4a1f-9b8e-85dba33a74b0|ENROLLMENT_FEE|2025-09-01,0489bdaf-c632-4a1f-9b8e-85dba33a74b0,ENROLLMENT_FEE,85e84105-cbe3-4367-ae87-c7bd269b36df,2500.00,,,2500.00,2025-09-01,,,LEGACY_PRICE_HISTORY
d8b23e94-04f7-4eed-9748-9c90f9758257|ENROLLMENT_FEE|2025-09-01,d8b23e94-04f7-4eed-9748-9c90f9758257,ENROLLMENT_FEE,8756b21b-9b36-430e-bb0b-ff3380c91d32,2400.00,,,2400.00,2025-09-01,,,LEGACY_PRICE_HISTORY
58676041-fe76-4791-9f8b-7bc1dad83cb8|ENROLLMENT_FEE|2025-09-01,58676041-fe76-4791-9f8b-7bc1dad83cb8,ENROLLMENT_FEE,8864d32c-784b-448a-a429-c42d2b9bb188,2500.00,,,2500.00,2025-09-01,2025-09-01,,LEGACY_PRICE_HISTORY
58676041-fe76-4791-9f8b-7bc1dad83cb8|ENROLLMENT_FEE|2025-09-02,58676041-fe76-4791-9f8b-7bc1dad83cb8,ENROLLMENT_FEE,93d23a6e-1eca-4e4a-bc39-864d9943a4d0,2400.00,,,2400.00,2025-09-02,,,LEGACY_PRICE_HISTORY
209dac48-1e05-4390-a5da-676e1ee3b311|ENROLLMENT_FEE|2025-09-01,209dac48-1e05-4390-a5da-676e1ee3b311,ENROLLMENT_FEE,89ccd65d-772d-41e6-be69-65a69783fb11,2500.00,,,2500.00,2025-09-01,,,LEGACY_PRICE_HISTORY
b032b2a8-6144-4f39-8707-e4b41330b9d8|TUITION|2025-09-02,b032b2a8-6144-4f39-8707-e4b41330b9d8,TUITION,8b10d5e4-778f-4fa9-8c82-7105fbb5ecaf,1500.00,FIXED_AMOUNT,600.00,900.00,2025-09-02,,beca familia,LEGACY_PRICE_HISTORY
ae5f806a-46b0-4a53-8eb3-9a5dd3e9d0dd|TUITION|2025-09-01,ae5f806a-46b0-4a53-8eb3-9a5dd3e9d0dd,TUITION,8d6bb4bd-ecba-4be2-a3c1-ea45e2b58f18,1600.00,FIXED_AMOUNT,300.00,1300.00,2025-09-01,,Beca Fran,LEGACY_PRICE_HISTORY
ae5f806a-46b0-4a53-8eb3-9a5dd3e9d0dd|ENROLLMENT_FEE|2025-02-01,ae5f806a-46b0-4a53-8eb3-9a5dd3e9d0dd,ENROLLMENT_FEE,8e58c79f-c8d3-4d0a-8c4a-5ee7529c0fe2,1100.00,,,1100.00,2025-02-01,,,LEGACY_PRICE_HISTORY
54a3ac62-0b3d-4d6f-ae14-f7adec420285|TUITION|2025-09-02,54a3ac62-0b3d-4d6f-ae14-f7adec420285,TUITION,94ee51dc-4c22-4368-91cb-378d5e941333,1600.00,,,1600.00,2025-09-02,,Alta inicial (personalizada),LEGACY_PRICE_HISTORY
533aa94a-8eb8-436d-82ac-cb0d104f816e|ENROLLMENT_FEE|2025-02-15,533aa94a-8eb8-436d-82ac-cb0d104f816e,ENROLLMENT_FEE,95beb952-ce40-4412-b994-54d47109dea8,1100.00,,,1100.00,2025-02-15,,,LEGACY_PRICE_HISTORY
edd2b7ac-5bca-4650-8c2e-75f65e70849f|ENROLLMENT_FEE|2025-02-05,edd2b7ac-5bca-4650-8c2e-75f65e70849f,ENROLLMENT_FEE,99323586-42dd-43ed-b4de-15875bc01c85,1100.00,,,1100.00,2025-02-05,,,LEGACY_PRICE_HISTORY
2e6b93f5-df65-49fd-8c38-d2325e1f2a4f|TUITION|2025-09-02,2e6b93f5-df65-49fd-8c38-d2325e1f2a4f,TUITION,9a12a329-917b-4845-a9fe-6da4f0545a2a,1600.00,FIXED_AMOUNT,700.00,900.00,2025-09-02,,beca fran,LEGACY_PRICE_HISTORY
58d1397f-6c2f-4806-874f-04e5ac218830|ENROLLMENT_FEE|2025-09-01,58d1397f-6c2f-4806-874f-04e5ac218830,ENROLLMENT_FEE,9a342cce-21d9-4148-aa81-001a39e63450,2500.00,,,2500.00,2025-09-01,,,LEGACY_PRICE_HISTORY
ade9cbc4-6693-4456-b351-ef101774e7e4|ENROLLMENT_FEE|2025-09-01,ade9cbc4-6693-4456-b351-ef101774e7e4,ENROLLMENT_FEE,9acb2abb-f3bf-47a2-9951-03118fd4fd24,2500.00,,,2500.00,2025-09-01,,,LEGACY_PRICE_HISTORY
845acc82-5357-4263-a24c-e03f7ea60a49|ENROLLMENT_FEE|2025-02-27,845acc82-5357-4263-a24c-e03f7ea60a49,ENROLLMENT_FEE,9c526663-5708-4a0f-9ef7-065ea2cdd686,1100.00,,,1100.00,2025-02-27,,,LEGACY_PRICE_HISTORY
3c1c4ba3-2fb1-42d4-bb72-bf84b00d517c|TUITION|2025-09-02,3c1c4ba3-2fb1-42d4-bb72-bf84b00d517c,TUITION,9d5595e1-a84c-4eaa-9232-945be62c8c96,1600.00,FIXED_AMOUNT,1600.00,0.00,2025-09-02,,hija de maestro,LEGACY_PRICE_HISTORY
7392fe19-c6bd-489a-9cf5-3f6861139603|ENROLLMENT_FEE|2026-02-01,7392fe19-c6bd-489a-9cf5-3f6861139603,ENROLLMENT_FEE,9fa08ddf-fbb9-4878-882c-4f4200fe46b6,0.00,,,0.00,2026-02-01,,"Fecha desconocida, no hay reportes de pago - se puede modificar",LEGACY_PRICE_HISTORY
3f41b6c5-35cb-41d3-a974-762ad0f1c7f3|TUITION|2025-09-02,3f41b6c5-35cb-41d3-a974-762ad0f1c7f3,TUITION,a04fed85-ebde-499d-9e3e-db25ae088cf1,1600.00,,,1600.00,2025-09-02,,Alta inicial (personalizada),LEGACY_PRICE_HISTORY
95149f3e-bf90-4279-8471-a562bd517960|TUITION|2025-08-29,95149f3e-bf90-4279-8471-a562bd517960,TUITION,a1ed766c-72ae-45c1-9af8-ae52690b33b3,1600.00,,,1600.00,2025-08-29,2025-09-01,Colegiatura base,LEGACY_PRICE_HISTORY
95149f3e-bf90-4279-8471-a562bd517960|TUITION|2025-09-02,95149f3e-bf90-4279-8471-a562bd517960,TUITION,dc164e87-9127-400a-8536-fcdab4b40892,1600.00,,,1600.00,2025-09-02,,Alta inicial (personalizada),LEGACY_PRICE_HISTORY
07d3c06f-1b7d-4925-b8d6-cfb887acabb6|TUITION|2025-09-02,07d3c06f-1b7d-4925-b8d6-cfb887acabb6,TUITION,a51bf04f-08fa-4c3f-b23a-f946d10d996b,1600.00,,,1600.00,2025-09-02,,Alta inicial (personalizada),LEGACY_PRICE_HISTORY
2a0d752a-79d5-4658-bf0d-64b137383ac6|ENROLLMENT_FEE|2025-02-20,2a0d752a-79d5-4658-bf0d-64b137383ac6,ENROLLMENT_FEE,a6f17dbd-aefa-4b7e-b7ba-ae56d9263f98,1100.00,,,1100.00,2025-02-20,,,LEGACY_PRICE_HISTORY
6f2f8410-2704-4938-8538-21edb5b8221a|TUITION|2025-09-01,6f2f8410-2704-4938-8538-21edb5b8221a,TUITION,a7e9bd40-c637-4cb1-9513-e07afc3dd67f,1500.00,FIXED_AMOUNT,500.00,1000.00,2025-09-01,,Beca 3 hermanos,LEGACY_PRICE_HISTORY
05ea74c3-0d10-4956-90f5-22e05c155e58|ENROLLMENT_FEE|2025-09-01,05ea74c3-0d10-4956-90f5-22e05c155e58,ENROLLMENT_FEE,a808491d-5c3c-4166-8fd0-f3dd42a69247,2500.00,,,2500.00,2025-09-01,,,LEGACY_PRICE_HISTORY
9ace76f4-cf42-4715-ba18-951ec5af9103|ENROLLMENT_FEE|2026-01-26,9ace76f4-cf42-4715-ba18-951ec5af9103,ENROLLMENT_FEE,a91cd725-66b1-445a-83d2-02c0bf2e151c,1000.00,,,1000.00,2026-01-26,,Inscripción mitad ciclo,LEGACY_PRICE_HISTORY
f5bb300e-d8ed-4cca-b176-cb11e46338bd|ENROLLMENT_FEE|2025-02-05,f5bb300e-d8ed-4cca-b176-cb11e46338bd,ENROLLMENT_FEE,ab94d169-5ecd-4c3c-9ea1-a72b137ddd34,1100.00,,,1100.00,2025-02-05,,,LEGACY_PRICE_HISTORY
7babc8a8-10d3-41e2-bb40-868a18dc2300|ENROLLMENT_FEE|2025-09-01,7babc8a8-10d3-41e2-bb40-868a18dc2300,ENROLLMENT_FEE,b0fae4f9-77b6-4aeb-aaab-5b326995bd9a,2500.00,,,2500.00,2025-09-01,,,LEGACY_PRICE_HISTORY
afa0658f-b7b9-4fb1-997b-0e0fcf93b4e1|TUITION|2025-09-03,afa0658f-b7b9-4fb1-997b-0e0fcf93b4e1,TUITION,b10c014a-4607-43b7-80f4-514a19c1b2e8,1500.00,,,1500.00,2025-09-03,,Alta inicial (personalizada),LEGACY_PRICE_HISTORY
18f8e872-a787-4eef-953c-1c326065039e|TUITION|2025-09-02,18f8e872-a787-4eef-953c-1c326065039e,TUITION,b2779fa5-035b-4eea-8f7c-f8ff684f83d8,1600.00,FIXED_AMOUNT,600.00,1000.00,2025-09-02,,Beca ex maestra,LEGACY_PRICE_HISTORY
02b5e8d1-89fb-4a1d-a9d3-58817df86b24|TUITION|2025-09-02,02b5e8d1-89fb-4a1d-a9d3-58817df86b24,TUITION,b5a2f758-b507-47f1-9acf-40d4fdbfe45a,1600.00,,,1600.00,2025-09-02,,Alta inicial (personalizada),LEGACY_PRICE_HISTORY
0a79ced7-bab3-44d8-89da-e166880163bd|ENROLLMENT_FEE|2025-02-14,0a79ced7-bab3-44d8-89da-e166880163bd,ENROLLMENT_FEE,b7abbdf5-e523-47a7-98ef-8ca435ea84b9,1100.00,,,1100.00,2025-02-14,,,LEGACY_PRICE_HISTORY
d8b23e94-04f7-4eed-9748-9c90f9758257|TUITION|2025-09-02,d8b23e94-04f7-4eed-9748-9c90f9758257,TUITION,b8aee115-22a8-41ca-b779-f3f8afd4edc0,1600.00,FIXED_AMOUNT,400.00,1200.00,2025-09-02,,beca hermanos,LEGACY_PRICE_HISTORY
d08fe665-bb14-41a1-b1b8-902320280075|ENROLLMENT_FEE|2025-02-05,d08fe665-bb14-41a1-b1b8-902320280075,ENROLLMENT_FEE,b9adaeb2-26d1-4b36-a51a-fd066715e65a,1100.00,,,1100.00,2025-02-05,2025-06-04,,LEGACY_PRICE_HISTORY
d08fe665-bb14-41a1-b1b8-902320280075|ENROLLMENT_FEE|2025-06-05,d08fe665-bb14-41a1-b1b8-902320280075,ENROLLMENT_FEE,f2d95cfa-8f33-475f-8647-f16260d4a7df,2000.00,,,2000.00,2025-06-05,,,LEGACY_PRICE_HISTORY
e3a81bd9-718d-4a32-8722-37f4723b7edc|TUITION|2025-09-02,e3a81bd9-718d-4a32-8722-37f4723b7edc,TUITION,baa478e9-3d68-4e48-aa49-a6f3713b8f89,1600.00,FIXED_AMOUNT,1100.00,500.00,2025-09-02,,beca fran,LEGACY_PRICE_HISTORY
061d5f0c-2ec0-4698-a862-38cdd50d237d|ENROLLMENT_FEE|2026-04-28,061d5f0c-2ec0-4698-a862-38cdd50d237d,ENROLLMENT_FEE,baf7e1f7-6655-43dd-853a-a8a9d8dd6393,1000.00,,,1000.00,2026-04-28,,"Inicia el 29, pero se registra como 28",LEGACY_PRICE_HISTORY
a4c9cada-bb7c-4116-8091-8b3e944aba30|ENROLLMENT_FEE|2025-09-01,a4c9cada-bb7c-4116-8091-8b3e944aba30,ENROLLMENT_FEE,bc96a334-b423-4c07-afe2-9c2e32412aa3,2500.00,,,2500.00,2025-09-01,,,LEGACY_PRICE_HISTORY
00fca4aa-70ed-464e-822f-6272cba1d93e|ENROLLMENT_FEE|2025-09-01,00fca4aa-70ed-464e-822f-6272cba1d93e,ENROLLMENT_FEE,bcaea0da-ad02-4a90-a7a6-868e29c7793c,2500.00,,,2500.00,2025-09-01,,,LEGACY_PRICE_HISTORY
1e3beb16-3079-4aaa-93fc-a0203720434d|ENROLLMENT_FEE|2025-09-01,1e3beb16-3079-4aaa-93fc-a0203720434d,ENROLLMENT_FEE,bd25d0e4-b08f-4573-8bf1-c00cf7603258,2500.00,,,2500.00,2025-09-01,,,LEGACY_PRICE_HISTORY
bfce22f5-d7f1-4b93-8fc1-eb5907831b0c|ENROLLMENT_FEE|2025-09-01,bfce22f5-d7f1-4b93-8fc1-eb5907831b0c,ENROLLMENT_FEE,c21d4877-be02-4e01-9260-0bb3dea73df3,2000.00,,,2000.00,2025-09-01,,,LEGACY_PRICE_HISTORY
40dc866f-fce4-4635-bf68-fa98f8b87c6e|TUITION|2025-09-02,40dc866f-fce4-4635-bf68-fa98f8b87c6e,TUITION,c59e7297-0b77-4373-acbb-9717d02f49f3,1600.00,FIXED_AMOUNT,500.00,1100.00,2025-09-02,,Beca isla,LEGACY_PRICE_HISTORY
f5bb300e-d8ed-4cca-b176-cb11e46338bd|TUITION|2025-09-01,f5bb300e-d8ed-4cca-b176-cb11e46338bd,TUITION,c7e15bfd-105a-493c-9954-a0e011af5f75,1600.00,FIXED_AMOUNT,200.00,1400.00,2025-09-01,,beca fran,LEGACY_PRICE_HISTORY
6d484f92-07ed-4ef5-acde-ed43c7314527|ENROLLMENT_FEE|2025-09-01,6d484f92-07ed-4ef5-acde-ed43c7314527,ENROLLMENT_FEE,c8dfc9e2-0ad9-4d03-a028-a9887b3fa26e,2500.00,,,2500.00,2025-09-01,,,LEGACY_PRICE_HISTORY
05ea74c3-0d10-4956-90f5-22e05c155e58|TUITION|2025-09-02,05ea74c3-0d10-4956-90f5-22e05c155e58,TUITION,c8e58b0f-9284-45a9-8f9f-8e4b653bb192,1600.00,,,1600.00,2025-09-02,,Alta inicial (personalizada),LEGACY_PRICE_HISTORY
2bc201a6-4c7f-402c-9ed1-a2310ae79d3c|TUITION|2025-09-01,2bc201a6-4c7f-402c-9ed1-a2310ae79d3c,TUITION,cad8bb53-c62e-448d-a100-58e13058d014,1500.00,,,1500.00,2025-09-01,,Alta inicial (personalizada),LEGACY_PRICE_HISTORY
abea3641-4bdf-451a-8710-fa95ab34cab7|ENROLLMENT_FEE|2025-09-01,abea3641-4bdf-451a-8710-fa95ab34cab7,ENROLLMENT_FEE,cc40fe7d-b853-47ef-8c12-a949a243b9f4,2500.00,,,2500.00,2025-09-01,,,LEGACY_PRICE_HISTORY
fdee6234-bf6d-4d45-bbd4-731a1c453987|TUITION|2025-09-01,fdee6234-bf6d-4d45-bbd4-731a1c453987,TUITION,cc76f11e-c264-4a6c-b791-b84342214023,1600.00,FIXED_AMOUNT,650.00,950.00,2025-09-01,,beca fran,LEGACY_PRICE_HISTORY
a8144361-4bce-487c-bc3a-949391e8d895|TUITION|2025-09-01,a8144361-4bce-487c-bc3a-949391e8d895,TUITION,d003ba9d-5bbf-4b35-882c-5097ec1b91c0,1600.00,FIXED_AMOUNT,700.00,900.00,2025-09-01,,beca familiar,LEGACY_PRICE_HISTORY
a289cbad-dbdb-4e9c-8afd-aeef6bbd7fcb|TUITION|2025-09-01,a289cbad-dbdb-4e9c-8afd-aeef6bbd7fcb,TUITION,d026dbc2-04bd-4dcb-8fc1-418e4c3d19d9,1600.00,FIXED_AMOUNT,200.00,1400.00,2025-09-01,,beca fran,LEGACY_PRICE_HISTORY
7babc8a8-10d3-41e2-bb40-868a18dc2300|TUITION|2025-09-02,7babc8a8-10d3-41e2-bb40-868a18dc2300,TUITION,d3204010-40bf-42e9-932c-1b670b36c0f5,1600.00,,,1600.00,2025-09-02,,Alta inicial (personalizada),LEGACY_PRICE_HISTORY
7392fe19-c6bd-489a-9cf5-3f6861139603|TUITION|2026-02-03,7392fe19-c6bd-489a-9cf5-3f6861139603,TUITION,d3591b31-256a-43a9-a317-c80b71cff397,1500.00,FIXED_AMOUNT,200.00,1300.00,2026-02-03,,"Ingreso, refiebre febrero, sólo ha pagado ese mes, Andrés se hace descuento a partir de Marzo",LEGACY_PRICE_HISTORY
9722dc2c-e45a-49f8-84e5-b1591c35e7c2|TUITION|2025-09-01,9722dc2c-e45a-49f8-84e5-b1591c35e7c2,TUITION,d54f4577-c52a-461f-a9f9-f6edc32d9d6c,1600.00,FIXED_AMOUNT,1600.00,0.00,2025-09-01,,Hijo del René no paga,LEGACY_PRICE_HISTORY
a4c9cada-bb7c-4116-8091-8b3e944aba30|TUITION|2025-09-02,a4c9cada-bb7c-4116-8091-8b3e944aba30,TUITION,d906bcc2-fd83-4368-b3f8-f786444a65b7,1600.00,FIXED_AMOUNT,600.00,1000.00,2025-09-02,,Beca Fran,LEGACY_PRICE_HISTORY
9ace76f4-cf42-4715-ba18-951ec5af9103|TUITION|2026-01-27,9ace76f4-cf42-4715-ba18-951ec5af9103,TUITION,dd080507-7132-4356-bfa5-374a4e25f0aa,1500.00,FIXED_AMOUNT,500.00,1000.00,2026-01-27,,Beca Familia,LEGACY_PRICE_HISTORY
2bc201a6-4c7f-402c-9ed1-a2310ae79d3c|ENROLLMENT_FEE|2025-06-16,2bc201a6-4c7f-402c-9ed1-a2310ae79d3c,ENROLLMENT_FEE,dd3b4c8c-8a38-432f-80bd-4aea6ec9fbc2,2000.00,,,2000.00,2025-06-16,,Pagó antes de terminar el ciclo 24-25,LEGACY_PRICE_HISTORY
2e6b93f5-df65-49fd-8c38-d2325e1f2a4f|ENROLLMENT_FEE|2025-09-01,2e6b93f5-df65-49fd-8c38-d2325e1f2a4f,ENROLLMENT_FEE,de8c1fd6-cb71-498c-921e-ee83c9f23fe0,2500.00,,,2500.00,2025-09-01,,,LEGACY_PRICE_HISTORY
f425a981-e85a-4cb0-95a0-1de810c18a53|ENROLLMENT_FEE|2025-09-01,f425a981-e85a-4cb0-95a0-1de810c18a53,ENROLLMENT_FEE,e0eebc64-7657-4523-9a54-257d52ffbfef,2500.00,,,2500.00,2025-09-01,,,LEGACY_PRICE_HISTORY
18f8e872-a787-4eef-953c-1c326065039e|ENROLLMENT_FEE|2025-09-01,18f8e872-a787-4eef-953c-1c326065039e,ENROLLMENT_FEE,e23a1882-d855-4578-b4fa-cdc343116182,2500.00,,,2500.00,2025-09-01,,,LEGACY_PRICE_HISTORY
64b7b8c4-c418-4b27-8aa7-31c44d2850f4|TUITION|2025-09-01,64b7b8c4-c418-4b27-8aa7-31c44d2850f4,TUITION,e24b2bb5-0b60-473c-a9e2-a9b01a73fdbd,1500.00,FIXED_AMOUNT,300.00,1200.00,2025-09-01,,Alta inicial (personalizada),LEGACY_PRICE_HISTORY
7dbf3c47-1f14-4b4a-b594-ec98e68218b0|TUITION|2025-09-01,7dbf3c47-1f14-4b4a-b594-ec98e68218b0,TUITION,e3751887-d207-4186-8dde-3fa0342c7ae2,1600.00,FIXED_AMOUNT,1600.00,0.00,2025-09-01,,beca fran,LEGACY_PRICE_HISTORY
2d6d6932-f5eb-47d0-989c-4f813b54d973|TUITION|2025-09-01,2d6d6932-f5eb-47d0-989c-4f813b54d973,TUITION,e54479b9-9aca-417b-9173-db2eeb56c510,1600.00,FIXED_AMOUNT,1600.00,0.00,2025-09-01,,nieto martha camacho,LEGACY_PRICE_HISTORY
3f6663d7-9b89-4ea2-9f06-5035caff6390|TUITION|2025-09-02,3f6663d7-9b89-4ea2-9f06-5035caff6390,TUITION,e6258133-ca76-4c6d-a0fc-2ef4c7b8a61c,1600.00,FIXED_AMOUNT,700.00,900.00,2025-09-02,,Beca Fran,LEGACY_PRICE_HISTORY
02b5e8d1-89fb-4a1d-a9d3-58817df86b24|ENROLLMENT_FEE|2025-09-01,02b5e8d1-89fb-4a1d-a9d3-58817df86b24,ENROLLMENT_FEE,e6ad0ac3-c051-47da-b21d-69cf4c485047,2500.00,,,2500.00,2025-09-01,,,LEGACY_PRICE_HISTORY
a6b37970-a2fa-4a7b-8b11-d3e5151b40b3|TUITION|2025-09-02,a6b37970-a2fa-4a7b-8b11-d3e5151b40b3,TUITION,e743b9fb-8d87-42d7-b0d9-3a13a7b353cc,1600.00,,,1600.00,2025-09-02,,Alta inicial (personalizada),LEGACY_PRICE_HISTORY
f0fe1f2d-d8f7-4f5d-b713-d15b3cc1f577|ENROLLMENT_FEE|2025-09-01,f0fe1f2d-d8f7-4f5d-b713-d15b3cc1f577,ENROLLMENT_FEE,ea39784a-4680-40de-b5aa-a4323b65873d,2500.00,,,2500.00,2025-09-01,,,LEGACY_PRICE_HISTORY
2645afb7-c140-490c-b8db-c0dd4fbf6e11|ENROLLMENT_FEE|2025-08-15,2645afb7-c140-490c-b8db-c0dd4fbf6e11,ENROLLMENT_FEE,eab6b4f2-581e-4757-921c-31062bf642ec,2500.00,,,2500.00,2025-08-15,,,LEGACY_PRICE_HISTORY
a6b37970-a2fa-4a7b-8b11-d3e5151b40b3|ENROLLMENT_FEE|2025-09-01,a6b37970-a2fa-4a7b-8b11-d3e5151b40b3,ENROLLMENT_FEE,ebb2721f-edab-4a94-89bb-25f9fddc664a,2500.00,,,2500.00,2025-09-01,,,LEGACY_PRICE_HISTORY
5af22e45-f9f7-4577-b07b-7ce4a7940329|TUITION|2025-09-01,5af22e45-f9f7-4577-b07b-7ce4a7940329,TUITION,ebe64ee8-8431-4fed-a2d6-f756f616dec0,1600.00,FIXED_AMOUNT,100.00,1500.00,2025-09-01,,beca fran,LEGACY_PRICE_HISTORY
58f5f801-a774-4b45-8960-aec7b7127187|ENROLLMENT_FEE|2025-09-01,58f5f801-a774-4b45-8960-aec7b7127187,ENROLLMENT_FEE,ed08d1e3-4963-43fb-95d6-1d54db3b072b,2500.00,,,2500.00,2025-09-01,,,LEGACY_PRICE_HISTORY
95149f3e-bf90-4279-8471-a562bd517960|ENROLLMENT_FEE|2025-09-01,95149f3e-bf90-4279-8471-a562bd517960,ENROLLMENT_FEE,ed4e1a90-c9f2-4448-80f8-eabc3ab9a9f1,2500.00,,,2500.00,2025-09-01,,,LEGACY_PRICE_HISTORY
5cb7777e-5664-4929-b875-cddff5a7c18c|ENROLLMENT_FEE|2025-09-01,5cb7777e-5664-4929-b875-cddff5a7c18c,ENROLLMENT_FEE,f067c448-7dfa-4464-9d39-9c121b37611a,2500.00,,,2500.00,2025-09-01,,,LEGACY_PRICE_HISTORY
f0fe1f2d-d8f7-4f5d-b713-d15b3cc1f577|TUITION|2025-09-02,f0fe1f2d-d8f7-4f5d-b713-d15b3cc1f577,TUITION,f4b98178-13c5-483f-b3f9-4d1d1eb193ba,1600.00,FIXED_AMOUNT,500.00,1100.00,2025-09-02,,beca isla,LEGACY_PRICE_HISTORY
f9b527e1-7319-4c6c-b3bf-431bf9843bfb|TUITION|2025-09-02,f9b527e1-7319-4c6c-b3bf-431bf9843bfb,TUITION,f5161deb-f426-4945-acdf-95d21a3668dc,1600.00,FIXED_AMOUNT,1600.00,0.00,2025-09-02,,hija maestra,LEGACY_PRICE_HISTORY
61ed3b0d-3542-46bc-a02d-4f73b36cffd3|ENROLLMENT_FEE|2025-02-05,61ed3b0d-3542-46bc-a02d-4f73b36cffd3,ENROLLMENT_FEE,f5ab2f57-c27d-40ef-91a2-898b90f809d4,1100.00,,,1100.00,2025-02-05,,,LEGACY_PRICE_HISTORY
845acc82-5357-4263-a24c-e03f7ea60a49|TUITION|2025-09-01,845acc82-5357-4263-a24c-e03f7ea60a49,TUITION,f772e0c5-37b8-472f-b1f7-50b2ba0c41d5,1600.00,FIXED_AMOUNT,700.00,900.00,2025-09-01,,beca familiar,LEGACY_PRICE_HISTORY
0e861609-c592-4713-bfad-a86c2f7d1c00|ENROLLMENT_FEE|2025-09-01,0e861609-c592-4713-bfad-a86c2f7d1c00,ENROLLMENT_FEE,f79c2594-1d15-404f-acbf-f638938a98c0,2500.00,,,2500.00,2025-09-01,,,LEGACY_PRICE_HISTORY
58d1397f-6c2f-4806-874f-04e5ac218830|TUITION|2025-09-02,58d1397f-6c2f-4806-874f-04e5ac218830,TUITION,f895f4bb-afec-4033-93a1-0bba7f1429ad,1600.00,FIXED_AMOUNT,700.00,900.00,2025-09-02,,beca familiar,LEGACY_PRICE_HISTORY
562676d8-327a-4012-97e1-f0cfefc685b0|ENROLLMENT_FEE|2025-02-01,562676d8-327a-4012-97e1-f0cfefc685b0,ENROLLMENT_FEE,fa4fb19e-044f-471b-af15-12c1af6ffecc,1100.00,,,1100.00,2025-02-01,,,LEGACY_PRICE_HISTORY
2a01ea65-7487-4834-ab23-855018d8868e|ENROLLMENT_FEE|2025-09-01,2a01ea65-7487-4834-ab23-855018d8868e,ENROLLMENT_FEE,fb6dd94f-a358-4f8d-9545-c0ed19f12841,2500.00,,,2500.00,2025-09-01,,,LEGACY_PRICE_HISTORY
