alumno_id,tutor_id,parentesco,prioridad,via_whatsapp,via_email,consentimiento_mensajes,recibe_factura,creado
00fca4aa-70ed-464e-822f-6272cba1d93e,66fd949e-6651-474e-a8fb-c2cba39265af,Abuela,2,false,false,false,false,2025-10-15 19:55:27.577974-07
00fca4aa-70ed-464e-822f-6272cba1d93e,76e4f5db-c411-4619-b35c-85373aad357d,Mamá,1,true,false,true,false,2025-10-15 19:55:26.912249-07
02b5e8d1-89fb-4a1d-a9d3-58817df86b24,d6681d4d-36f1-4b89-b3ed-d385f497f43f,Papá,2,true,false,true,false,2025-10-15 19:56:52.40323-07
02b5e8d1-89fb-4a1d-a9d3-58817df86b24,f5956f47-5b37-460e-8059-b229bbd21d0e,Mamá,1,false,false,false,false,2025-10-15 19:56:51.736632-07
0489bdaf-c632-4a1f-9b8e-85dba33a74b0,04ab1f8b-cd6a-407d-8a82-34b06529b52e,Tía,2,false,false,false,false,2025-10-15 18:55:44.169041-07
0489bdaf-c632-4a1f-9b8e-85dba33a74b0,ca8bf6ae-0024-4000-91c5-1dc229fe87ae,Mamá,1,true,false,true,false,2025-10-15 18:55:43.846335-07
05ea74c3-0d10-4956-90f5-22e05c155e58,b2d74544-c454-4bce-b06d-8dc881dbe3d9,Mamá,1,true,false,true,false,2025-10-16 12:44:39.975138-07
05ea74c3-0d10-4956-90f5-22e05c155e58,b6a236b6-7933-4efa-836d-658d6756be9c,Papá,2,true,false,true,false,2025-10-16 12:44:40.592133-07
061d5f0c-2ec0-4698-a862-38cdd50d237d,92df16cb-4cf0-4fde-a120-c4eae2a8aeca,Mamá,1,true,false,false,false,2026-04-29 08:01:07.805468-07
061d5f0c-2ec0-4698-a862-38cdd50d237d,972f2014-5d56-4273-858b-05eaab18743c,Papá,2,true,false,false,false,2026-04-29 08:01:08.112845-07
07d3c06f-1b7d-4925-b8d6-cfb887acabb6,4a090e3f-0911-4a65-8af2-677b37faccf4,Papá,2,true,false,true,false,2025-10-15 18:49:56.871417-07
07d3c06f-1b7d-4925-b8d6-cfb887acabb6,e33cfc74-50fd-40e7-83b7-0b157af33c4b,Mamá,1,true,false,true,false,2025-10-15 18:49:56.388197-07
0a79ced7-bab3-44d8-89da-e166880163bd,a824fbfe-3f36-43f1-9bf6-2c763e603dfc,Papá,2,true,false,true,false,2025-10-08 17:06:32.380755-07
0a79ced7-bab3-44d8-89da-e166880163bd,af3ad491-bc57-48a7-aa39-849c7840ac90,Mamá,1,true,false,true,false,2025-10-08 17:06:31.830487-07
0aca2748-83a1-4b8f-ae90-c4e31231af74,3aaaafa0-a217-4d5d-b747-de983cbff2f8,Mamá,1,true,false,true,false,2025-10-16 12:35:24.874686-07
0aca2748-83a1-4b8f-ae90-c4e31231af74,c019fcf0-b08a-436c-a137-9366c7f436a3,Papá,2,true,false,true,false,2025-10-16 12:35:25.310721-07
0baa1c8c-b4cb-4c7c-b909-3af50436661e,554e455e-efeb-4ef8-b150-720bfd915abe,Mamá,1,true,false,false,false,2025-10-08 08:44:50.607378-07
0e861609-c592-4713-bfad-a86c2f7d1c00,7132f0ab-a60b-41d8-afbc-cd62ffbcc0b0,Mamá,2,true,false,true,false,2025-10-15 20:00:18.874634-07
0e861609-c592-4713-bfad-a86c2f7d1c00,e1632697-60a2-495c-abdd-eb0e03a2920a,Mamá,1,true,false,true,false,2025-10-15 20:00:18.410193-07
18f8e872-a787-4eef-953c-1c326065039e,556796b2-dffe-4d0a-81ee-c01d2d62cef8,Mamá,1,true,false,true,false,2025-10-16 13:35:16.152061-07
18f8e872-a787-4eef-953c-1c326065039e,c942d116-2577-4123-ac69-e72a6e848c56,Abuela,2,false,false,false,false,2025-10-16 13:35:16.597453-07
1e3beb16-3079-4aaa-93fc-a0203720434d,059dab5c-8d38-4d94-ab93-eb3b8904c6aa,Mamá,1,true,false,true,false,2025-10-16 12:33:23.397217-07
1e3beb16-3079-4aaa-93fc-a0203720434d,ac2b3847-2812-4291-bd7c-9546d68c02bf,Abuela,2,true,false,true,false,2025-10-16 12:33:23.862687-07
209dac48-1e05-4390-a5da-676e1ee3b311,29fb91ea-b5f1-4062-a44c-75f48bedaa46,Papá,2,true,false,true,false,2025-10-15 18:58:26.09601-07
209dac48-1e05-4390-a5da-676e1ee3b311,79033a8b-731b-4b27-8c17-0cb5fd96007b,Mamá,1,true,false,true,false,2025-10-15 18:58:25.620761-07
2645afb7-c140-490c-b8db-c0dd4fbf6e11,2313c61c-66e1-4224-b87f-f621d1779b32,Mamá,1,true,false,true,false,2025-10-15 18:10:44.467037-07
2645afb7-c140-490c-b8db-c0dd4fbf6e11,42e6da1f-98a4-4e9f-a81c-ca95750daf7c,Papá,2,true,false,true,false,2025-10-15 18:10:44.94703-07
273286ee-1011-4ae2-828e-974f625a6fd2,52454dc4-94f7-4640-9c2d-216dde3eebab,Mamá,1,true,false,true,false,2025-10-15 19:51:34.659234-07
273286ee-1011-4ae2-828e-974f625a6fd2,b4f29c75-51fc-4b6b-aa87-5178bc19f52c,Tía,2,false,false,false,false,2025-10-15 19:51:35.1627-07
2a01ea65-7487-4834-ab23-855018d8868e,777a0810-6148-4054-a98a-cd455688af66,Tía,1,true,false,true,false,2025-10-16 12:47:30.517279-07
2a0d752a-79d5-4658-bf0d-64b137383ac6,99fe0933-4662-4255-bd44-24c31eca8aa6,Tío,2,false,false,false,false,2025-10-16 13:30:52.294327-07
2a0d752a-79d5-4658-bf0d-64b137383ac6,e4a1743e-98a9-4066-84c3-40fdd793972d,Mamá,1,true,false,true,false,2025-10-16 13:30:52.006695-07
2bc201a6-4c7f-402c-9ed1-a2310ae79d3c,5490980c-d893-488d-b8c8-e40614df74cf,Mamá,1,true,false,true,false,2025-10-08 08:40:21.969806-07
2bc201a6-4c7f-402c-9ed1-a2310ae79d3c,9c304281-cf19-4ff8-8b0c-ab7d8f7b13cc,Papá,2,true,false,true,false,2025-10-08 08:40:22.406757-07
2e6b93f5-df65-49fd-8c38-d2325e1f2a4f,34991222-b23a-4e5d-b113-c41aa20890bb,Mamá,1,true,false,true,false,2025-10-16 12:48:13.211875-07
2fe35f28-fbab-491d-91b2-3d939e6b55bd,f2e1e7c3-9ffe-4a34-b381-a8f266ff3c31,Mamá,1,true,false,true,false,2025-10-08 08:41:40.437961-07
2fe35f28-fbab-491d-91b2-3d939e6b55bd,f51c1eef-33a5-4407-beda-185a055f313a,Papá,2,true,false,true,false,2025-10-08 08:41:40.86298-07
317e5fd7-d8e6-4476-b348-a0a726649924,2f82da6c-55a4-4cdf-b352-abf077401a3d,Mamá,1,true,false,true,false,2025-10-15 18:18:10.384128-07
317e5fd7-d8e6-4476-b348-a0a726649924,6047656e-db77-48b0-8448-63497c01f202,Papá,2,true,false,true,false,2025-10-15 18:18:11.062688-07
3523dbd3-f616-4c1d-9a52-db64d88e0b23,5ebd95f1-7de6-43c8-befa-3a241bac6e73,Mamá,1,true,false,true,false,2025-10-16 12:34:36.230906-07
37b6c311-9c1a-461e-a70b-d93557cdbc0d,e8f0e2f5-0149-4f55-9a15-e50cd935f340,Mamá,1,true,false,true,false,2025-10-21 12:59:35.603688-07
3f41b6c5-35cb-41d3-a974-762ad0f1c7f3,3c925842-2ae3-40ad-aa56-25ef026d733d,Mamá,2,true,false,true,false,2025-10-21 14:06:24.083049-07
3f41b6c5-35cb-41d3-a974-762ad0f1c7f3,d2399138-aa59-4da7-a04e-662160f00693,Papá,1,true,false,true,false,2025-10-21 14:06:23.159035-07
3f6663d7-9b89-4ea2-9f06-5035caff6390,34991222-b23a-4e5d-b113-c41aa20890bb,Mamá,1,true,false,true,false,2025-10-15 18:53:40.035819-07
40dc866f-fce4-4635-bf68-fa98f8b87c6e,50065b5e-bece-4165-b526-5903605c83a9,Tía,2,true,false,true,false,2025-10-15 18:46:17.95019-07
40dc866f-fce4-4635-bf68-fa98f8b87c6e,bdcc058d-040a-4ea8-b2e1-3a50bdaac114,Mamá,1,true,false,true,false,2025-10-15 18:46:17.441113-07
4f28d56c-a1e3-4052-87a3-ecd1d9b0d5b6,383f49e3-96fb-4a85-8c2a-e680a3ffe9ca,Papá,2,true,false,true,false,2025-10-08 17:10:20.459026-07
4f28d56c-a1e3-4052-87a3-ecd1d9b0d5b6,a63dada8-b813-49fa-a575-5890d7f1cd16,Mamá,1,true,false,true,false,2025-10-08 17:10:20.068604-07
533aa94a-8eb8-436d-82ac-cb0d104f816e,a824fbfe-3f36-43f1-9bf6-2c763e603dfc,Papá,2,true,false,true,false,2025-10-16 12:54:50.124932-07
533aa94a-8eb8-436d-82ac-cb0d104f816e,af3ad491-bc57-48a7-aa39-849c7840ac90,Mamá,1,true,false,true,false,2025-10-16 12:54:49.856131-07
54a3ac62-0b3d-4d6f-ae14-f7adec420285,251f5a17-341a-4028-8650-e3547bed8ba3,Mamá,1,true,false,true,false,2025-10-16 13:34:14.969215-07
562676d8-327a-4012-97e1-f0cfefc685b0,07f3ea38-433b-47a4-a275-d3599d78a15f,Papá,2,true,false,true,false,2025-10-16 13:16:48.519389-07
562676d8-327a-4012-97e1-f0cfefc685b0,b754db5c-3c77-4e83-801e-c189d239da15,Mamá,1,true,false,true,false,2025-10-16 13:16:48.074099-07
58676041-fe76-4791-9f8b-7bc1dad83cb8,3ceb3cae-e247-45f2-ba89-316e3f17fb22,Papá,2,true,false,true,false,2025-10-15 18:02:47.197472-07
58676041-fe76-4791-9f8b-7bc1dad83cb8,ac3ee108-22d7-42fe-ad03-e314a084cd6a,Mamá,1,true,false,true,false,2025-10-15 18:02:46.659743-07
58d1397f-6c2f-4806-874f-04e5ac218830,1372608c-da21-4538-8c6e-18c3e073dde4,Mamá,1,true,false,true,false,2025-10-16 12:51:32.376225-07
58d1397f-6c2f-4806-874f-04e5ac218830,7c662ae1-c914-425e-b6fb-950c72bbc409,Papá,2,true,false,true,false,2025-10-16 12:51:32.652104-07
58f5f801-a774-4b45-8960-aec7b7127187,d8033628-c798-4590-a442-d5f3b3b29095,Papá,1,true,false,true,false,2025-10-16 12:45:36.569046-07
58f5f801-a774-4b45-8960-aec7b7127187,ea5dcb43-ff72-482d-9475-2e5c5fcb6b09,Mamá,2,true,false,true,false,2025-10-16 12:45:37.021196-07
5af22e45-f9f7-4577-b07b-7ce4a7940329,61ea47f2-cc9d-40f5-a32c-b8c76f2d3cea,Papá,2,true,false,true,false,2025-10-16 13:13:42.831258-07
5af22e45-f9f7-4577-b07b-7ce4a7940329,f14c31ba-0ed8-4209-bd5a-cc522fb0030c,Mamá,1,true,false,true,false,2025-10-16 13:13:42.328947-07
5b6f10bf-24ec-4e49-8839-dbf02ee4cd75,122db74d-cd93-45a0-b133-bfed0c1cccd1,Mamá,1,true,false,true,false,2025-10-16 12:25:46.209493-07
5b6f10bf-24ec-4e49-8839-dbf02ee4cd75,35afe767-7fc8-4e1f-abaa-c2496874de82,Abuela,2,true,false,true,false,2025-10-16 12:25:46.665909-07
5cb7777e-5664-4929-b875-cddff5a7c18c,8f2ed44a-f47e-4e14-b5da-7422e8519a38,Papá,2,true,false,true,false,2025-10-16 12:31:08.50383-07
5cb7777e-5664-4929-b875-cddff5a7c18c,e4b2c4d2-3830-44c8-874a-fd4f12157f58,Mamá,1,true,false,true,false,2025-10-16 12:31:08.049178-07
61565b9f-a82a-49cf-aa9f-3e7df8d7889c,8980addc-30fe-421d-ac43-4f997dbd3685,Mamá,1,true,false,true,false,2025-10-21 13:59:19.96464-07
61ed3b0d-3542-46bc-a02d-4f73b36cffd3,48492681-06a9-4baf-b1b4-0c230c828e4b,Mamá,1,true,false,true,false,2025-10-16 12:56:14.636298-07
61ed3b0d-3542-46bc-a02d-4f73b36cffd3,86066312-96bd-466f-9cdb-566b3c563476,Papá,2,true,false,true,false,2025-10-16 12:56:15.058784-07
64b7b8c4-c418-4b27-8aa7-31c44d2850f4,7a2a560c-fd5f-4c08-a4af-9e1f19ea3cc3,Mamá,1,true,false,true,false,2025-10-08 08:38:47.527695-07
64b7b8c4-c418-4b27-8aa7-31c44d2850f4,97181373-c600-4408-8344-1a2516f5867a,Papá,2,true,false,true,false,2025-10-08 08:38:47.915221-07
6539fe6a-8f3f-4a06-aa20-dbb71a0a4ccb,fa0e3173-786d-430f-bc81-29f554edc21c,Mamá,1,true,false,true,false,2025-10-15 19:53:54.625956-07
69450844-df68-4eb9-a465-967c31417074,9bcef51d-d07f-45ae-9d09-dcfca6c2eb7c,Mamá,1,true,false,true,false,2025-10-16 12:36:23.440828-07
69450844-df68-4eb9-a465-967c31417074,c12a549a-24c0-4fac-8abf-d90936e8b5b8,Papá,2,true,false,true,false,2025-10-16 12:36:23.912658-07
6a9b25d0-e6e4-4cf2-94ef-4ba0a59c5b2d,3780c0b9-af1b-441e-aab0-b32c7fea3696,Mamá,1,true,false,true,false,2025-10-16 12:32:17.103656-07
6a9b25d0-e6e4-4cf2-94ef-4ba0a59c5b2d,6651c340-8107-4e41-92b6-f20304476d45,Papá,2,true,false,true,false,2025-10-16 12:32:17.401153-07
6d484f92-07ed-4ef5-acde-ed43c7314527,00ac532c-1969-4ece-b93c-1862f2be31f6,Mamá,1,true,false,true,false,2025-10-15 18:08:35.54891-07
6d484f92-07ed-4ef5-acde-ed43c7314527,6ba6f01c-6d27-48fb-b9db-656e9c75d43b,Papá,2,true,false,true,false,2025-10-15 18:08:36.044161-07
6f2f8410-2704-4938-8538-21edb5b8221a,3780c0b9-af1b-441e-aab0-b32c7fea3696,Mamá,1,true,false,true,false,2025-10-15 18:07:06.946849-07
6f2f8410-2704-4938-8538-21edb5b8221a,6651c340-8107-4e41-92b6-f20304476d45,Papá,2,true,false,true,false,2025-10-15 18:07:07.291147-07
7392fe19-c6bd-489a-9cf5-3f6861139603,8ded67ef-52fe-4509-8a01-51928afe0f5a,Mamá,1,false,false,false,false,2026-04-13 08:08:10.253136-07
79810b5e-1376-4f47-8619-11c72b08a14e,75cea8e0-9943-423f-9262-548cc37d2ede,Papá,2,true,false,true,false,2025-10-15 18:01:15.860892-07
79810b5e-1376-4f47-8619-11c72b08a14e,91acd87c-ad0d-43d8-9173-637c434bbdcc,Mamá,1,true,false,true,false,2025-10-15 18:01:15.34209-07
7babc8a8-10d3-41e2-bb40-868a18dc2300,1cd4aec6-b1ca-490a-b1d6-0e3587a5cc36,Papá,2,true,false,true,false,2025-10-16 12:42:43.429831-07
7babc8a8-10d3-41e2-bb40-868a18dc2300,aaa4f1f2-3758-43cd-97c6-c4c2db7bb54a,Mamá,1,true,false,true,false,2025-10-16 12:42:42.967199-07
7c1e9bdc-6090-4313-a14b-1a94d13eeec8,3cc76ee7-4a9b-4734-9486-8c9ed0549528,Mamá,1,true,false,true,false,2025-10-15 18:11:33.568021-07
7dbf3c47-1f14-4b4a-b594-ec98e68218b0,45103df1-9c26-4fff-958b-a923e101fb01,Hermana,1,true,false,true,false,2025-10-21 14:07:38.045497-07
81db6f65-f0d0-45e2-93d7-8d0e5c3dc56a,3780c0b9-af1b-441e-aab0-b32c7fea3696,Mamá,1,true,false,true,false,2025-10-08 08:42:55.300945-07
81db6f65-f0d0-45e2-93d7-8d0e5c3dc56a,6651c340-8107-4e41-92b6-f20304476d45,Papá,2,true,false,true,false,2025-10-08 08:42:55.690389-07
83744ef9-a5f4-4c6a-9c81-a6ea4f9507cf,90c9ba54-b0d0-4317-965e-d87d86344ce7,Mamá,1,true,false,true,false,2025-10-16 12:29:00.729561-07
845acc82-5357-4263-a24c-e03f7ea60a49,0b9f80b2-8377-45cc-94bb-0f7eab7a3a7d,Papá,2,true,false,true,false,2025-10-16 12:46:30.26255-07
845acc82-5357-4263-a24c-e03f7ea60a49,dfa9b4d7-50a6-41f6-a697-fca2b50c8b59,Mamá,1,true,false,true,false,2025-10-16 12:46:29.846429-07
84e478c3-33cf-44e4-a8d3-2fa0be7ff15d,3cc76ee7-4a9b-4734-9486-8c9ed0549528,Mamá,1,true,false,true,false,2025-10-15 18:12:35.414548-07
8568473f-3a83-4adb-8aed-358e4481b99c,59c920aa-0197-4438-8680-9fa877a09b7f,Mamá,1,true,false,true,false,2025-10-15 17:19:15.556027-07
8d1da005-457e-4b91-b44a-605b0ca3c47a,5311a89a-a163-4732-bd11-86dad2ed2f28,Mamá,1,true,false,true,false,2025-10-16 12:43:27.686192-07
8d1da005-457e-4b91-b44a-605b0ca3c47a,e3756653-73a3-4680-8be7-350b2a216c71,Papá,2,true,false,true,false,2025-10-16 12:43:28.322589-07
8f7b36f8-3e15-40c5-bdda-da05aead70c2,e4a1743e-98a9-4066-84c3-40fdd793972d,Mamá,1,true,false,true,false,2025-10-16 13:35:52.71381-07
95149f3e-bf90-4279-8471-a562bd517960,60e8b62f-2ab4-4aac-9039-51466f17e759,Tía,2,false,false,false,false,2025-10-16 12:27:07.14661-07
95149f3e-bf90-4279-8471-a562bd517960,8ded67ef-52fe-4509-8a01-51928afe0f5a,Mamá,1,true,false,true,false,2025-10-16 12:27:06.669247-07
9722dc2c-e45a-49f8-84e5-b1591c35e7c2,9dc6e2ba-9508-4c60-ac14-0ab5a2fefb9e,Mamá,1,true,false,true,false,2025-10-21 14:00:57.61597-07
9ace76f4-cf42-4715-ba18-951ec5af9103,9d43721f-95d3-4c78-81bf-a2e8727798fb,Mamá,1,true,false,true,false,2026-01-27 09:06:22.840823-07
9ace76f4-cf42-4715-ba18-951ec5af9103,fe79edbd-cf9d-4e17-8c3e-3b322226d5c6,Papá,2,true,false,true,false,2026-01-27 09:06:23.093602-07
a289cbad-dbdb-4e9c-8afd-aeef6bbd7fcb,0df9c169-7129-48d8-a5ac-20b4251e6e67,Papá,2,false,false,false,false,2025-10-16 13:14:47.520817-07
a289cbad-dbdb-4e9c-8afd-aeef6bbd7fcb,24a17bbd-5100-48b3-be29-6503f3ba479c,Mamá,1,true,false,true,false,2025-10-16 13:14:46.883501-07
a4c9cada-bb7c-4116-8091-8b3e944aba30,240d2763-efdc-483f-9569-c15ea7b6fb64,Papá,2,true,false,true,false,2025-10-15 18:52:51.573267-07
a4c9cada-bb7c-4116-8091-8b3e944aba30,7843834d-2d5d-40cf-a4f2-6694ade64f57,Mamá,1,true,false,true,false,2025-10-15 18:52:51.096947-07
a6b37970-a2fa-4a7b-8b11-d3e5151b40b3,18ff52f5-d213-488f-8326-5b393d2a86cd,Mamá,1,true,false,true,false,2025-10-16 13:15:46.545906-07
a71be5b5-f484-434a-912c-d679234166b5,4d1d22b4-2f7e-4c3d-ae3e-aee40e065793,Mamá,1,true,false,true,false,2025-10-16 12:29:53.666444-07
a71be5b5-f484-434a-912c-d679234166b5,b13cb3c1-99c4-4f52-bcef-4d720ba02229,Papá,2,true,false,true,false,2025-10-16 12:29:54.09104-07
a8144361-4bce-487c-bc3a-949391e8d895,0b9f80b2-8377-45cc-94bb-0f7eab7a3a7d,Papá,2,true,false,true,false,2025-10-16 13:18:11.689739-07
a8144361-4bce-487c-bc3a-949391e8d895,dfa9b4d7-50a6-41f6-a697-fca2b50c8b59,Mamá,1,true,false,true,false,2025-10-16 13:18:11.395188-07
abea3641-4bdf-451a-8710-fa95ab34cab7,10f8c1fb-cc57-4563-aa79-e0f9cd75645e,Tía,2,false,false,false,false,2025-10-15 19:58:03.669971-07
abea3641-4bdf-451a-8710-fa95ab34cab7,edc48ea3-57bb-4f03-b346-04717d1604fe,Mamá,1,true,false,true,false,2025-10-15 19:58:03.141376-07
ade9cbc4-6693-4456-b351-ef101774e7e4,faa61520-3ba6-4df9-845a-8a7a6b96989a,Mamá,1,false,false,false,false,2025-10-21 14:03:26.204187-07
ae5f806a-46b0-4a53-8eb3-9a5dd3e9d0dd,27677b9d-f404-47e4-a8dd-ecc5ed05ad38,Mamá,1,true,false,true,false,2025-10-15 20:02:41.257662-07
ae5f806a-46b0-4a53-8eb3-9a5dd3e9d0dd,5e26e583-cdc1-4792-88f3-0b57d9df8954,Papá,2,true,false,true,false,2025-10-15 20:02:41.74928-07
afa0658f-b7b9-4fb1-997b-0e0fcf93b4e1,401dc27e-8ea9-4ce6-8f52-5702ee600383,Mamá,1,true,true,true,false,2025-10-15 17:20:49.799684-07
afa0658f-b7b9-4fb1-997b-0e0fcf93b4e1,b4a93f01-531e-4853-982f-adae33001bfa,Papá,2,true,false,true,false,2025-10-15 17:20:50.308803-07
b032b2a8-6144-4f39-8707-e4b41330b9d8,1372608c-da21-4538-8c6e-18c3e073dde4,Mamá,1,true,false,true,false,2025-10-15 17:25:29.951695-07
b032b2a8-6144-4f39-8707-e4b41330b9d8,7c662ae1-c914-425e-b6fb-950c72bbc409,Papá,2,true,false,true,false,2025-10-15 17:25:30.675626-07
b7f24e9c-6a1d-4b5a-9b34-c72abe5f4c40,18b6dfc5-05b3-4d60-9c16-420114f397f9,Mamá,1,true,false,false,false,2026-04-13 09:05:04.23504-07
b7f24e9c-6a1d-4b5a-9b34-c72abe5f4c40,e4a9669e-6ef6-4156-9965-1af44796d83d,Papá,2,true,false,false,false,2026-04-13 09:05:04.506255-07
bcb7ffd8-0cfa-449a-88d5-626f505cb19c,37d65a3e-4565-4ec8-8267-6b8ef4c5334a,Abuela,2,true,false,true,false,2026-03-05 08:56:11.338891-07
bcb7ffd8-0cfa-449a-88d5-626f505cb19c,a3533fae-7ed5-48d8-8e7d-703a38b84c84,Mamá,1,true,false,true,false,2026-03-05 08:56:10.979579-07
bfce22f5-d7f1-4b93-8fc1-eb5907831b0c,c59f16d9-dc6b-438a-8ed5-61f488cf3b53,Mamá,1,true,false,true,false,2025-10-21 14:04:41.191416-07
c56d34dd-a1d8-4603-9194-4da21924592b,75cea8e0-9943-423f-9262-548cc37d2ede,Papá,2,true,false,true,false,2025-10-16 13:32:43.256801-07
c56d34dd-a1d8-4603-9194-4da21924592b,91acd87c-ad0d-43d8-9173-637c434bbdcc,Mamá,1,true,false,true,false,2025-10-16 13:32:42.942961-07
c94e75bd-f940-4e2f-a9b3-2d1dc8ad0554,5ce77565-b045-4b8e-a164-0c7c2b5ed310,Papá,2,true,false,true,false,2025-10-08 17:09:08.297944-07
c94e75bd-f940-4e2f-a9b3-2d1dc8ad0554,f608062a-864d-490b-9f68-55e7574a3055,Mamá,1,true,false,true,false,2025-10-08 17:09:07.850036-07
d08fe665-bb14-41a1-b1b8-902320280075,3012e171-c3b2-48be-a5f2-e6b58af29e90,Papá,2,true,false,true,false,2025-10-15 18:54:40.369517-07
d08fe665-bb14-41a1-b1b8-902320280075,4decbc6c-40d5-4d60-8fc7-5c199bc0b796,Mamá,1,true,false,true,false,2025-10-15 18:54:39.853268-07
d2ce7388-b95d-4fac-865f-c1372e8f1f99,327e3101-64c3-42b9-a088-7494067b56ad,Papá,2,true,false,true,false,2025-10-16 13:31:41.198936-07
d2ce7388-b95d-4fac-865f-c1372e8f1f99,624331c6-7c35-433e-82d0-cb5a4380bf83,Mamá,1,true,false,true,false,2025-10-16 13:31:40.533443-07
d81e498e-7690-4676-9957-8b832ccf8ea0,2f82da6c-55a4-4cdf-b352-abf077401a3d,,1,true,false,true,false,2025-10-15 19:59:21.32748-07
d81e498e-7690-4676-9957-8b832ccf8ea0,6047656e-db77-48b0-8448-63497c01f202,Papá,2,true,false,true,false,2025-10-15 19:59:21.674626-07
d8b23e94-04f7-4eed-9748-9c90f9758257,23c4443d-f3cb-4c8a-a503-07220344b6c3,Papá,2,true,false,true,false,2025-10-15 20:01:38.589981-07
d8b23e94-04f7-4eed-9748-9c90f9758257,e1af17df-476e-420a-85f3-29a51900a107,Mamá,1,true,false,true,false,2025-10-15 20:01:38.234263-07
df9c3a2b-804a-47bc-9b11-eb45575dad16,8705ecb6-2d75-402e-a93d-4727716ecbab,Papá,2,true,false,true,false,2025-10-16 12:40:11.551282-07
df9c3a2b-804a-47bc-9b11-eb45575dad16,adf0526c-1694-47ff-b916-89140343a720,Mamá,1,true,false,true,false,2025-10-16 12:40:11.253549-07
e2808836-b027-41af-8918-de113abd6e4a,ab0e5369-edf4-4993-a245-2a64b8b78699,Mamá,1,true,false,true,false,2025-10-16 12:37:11.135222-07
e2808836-b027-41af-8918-de113abd6e4a,bc44aa4a-c6ff-4c8a-a23d-ff3d580da407,Papá,2,true,false,true,false,2025-10-16 12:37:11.599424-07
e3a81bd9-718d-4a32-8722-37f4723b7edc,faa61520-3ba6-4df9-845a-8a7a6b96989a,Mamá,1,true,false,true,false,2025-10-21 14:03:20.047982-07
e57db8cf-8012-4fa3-b822-41d98008dc00,98a31ec4-212c-4d24-a856-43ae369454a4,Papá,2,true,false,true,false,2025-10-16 13:12:38.207429-07
e57db8cf-8012-4fa3-b822-41d98008dc00,9eb887e3-4b33-4433-838f-8e8797e8d35e,Mamá,1,true,false,true,false,2025-10-16 13:12:37.756602-07
e5a7742b-06e9-4add-a1c7-4049a93b2b75,48492681-06a9-4baf-b1b4-0c230c828e4b,Mamá,1,true,false,true,false,2025-11-03 08:52:00.433713-07
e5a7742b-06e9-4add-a1c7-4049a93b2b75,86066312-96bd-466f-9cdb-566b3c563476,Papá,2,true,false,true,false,2025-11-03 08:52:00.553421-07
ea4ba647-d045-4e06-ae83-397c1aa0fb8d,c0563857-c5b9-447d-80d5-0553f35425fd,Papá,2,true,false,true,false,2025-10-08 17:02:45.803155-07
ea4ba647-d045-4e06-ae83-397c1aa0fb8d,d1960db6-1e79-4195-ab58-cb69f457521a,Mamá,1,true,false,true,false,2025-10-08 16:47:21.114945-07
eb5427dd-f41c-4408-8815-26493a90c351,04ab1f8b-cd6a-407d-8a82-34b06529b52e,Mamá,1,true,false,true,false,2025-10-15 18:46:59.206675-07
edd2b7ac-5bca-4650-8c2e-75f65e70849f,8705ecb6-2d75-402e-a93d-4727716ecbab,Papá,2,true,false,true,false,2025-10-15 18:51:35.738113-07
edd2b7ac-5bca-4650-8c2e-75f65e70849f,adf0526c-1694-47ff-b916-89140343a720,Mamá,1,true,false,true,false,2025-10-15 18:51:35.276285-07
f0fe1f2d-d8f7-4f5d-b713-d15b3cc1f577,04ab1f8b-cd6a-407d-8a82-34b06529b52e,Tía,2,false,false,false,false,2025-10-15 18:57:02.660075-07
f0fe1f2d-d8f7-4f5d-b713-d15b3cc1f577,ca8bf6ae-0024-4000-91c5-1dc229fe87ae,Mamá,1,true,false,true,false,2025-10-15 18:57:02.330962-07
f425a981-e85a-4cb0-95a0-1de810c18a53,640051a4-27e6-4e1b-8a68-9a67e4d6978e,Mamá,1,true,false,true,false,2025-10-15 18:20:12.176022-07
f425a981-e85a-4cb0-95a0-1de810c18a53,87e778c9-78a6-450c-99e3-d82dccda8c21,Papá,2,true,false,true,false,2025-10-15 18:20:12.759924-07
f55dbff7-6831-4d96-8262-f103ccf4bd43,23c4443d-f3cb-4c8a-a503-07220344b6c3,Papá,2,true,false,true,false,2025-10-08 17:07:59.862312-07
f55dbff7-6831-4d96-8262-f103ccf4bd43,e1af17df-476e-420a-85f3-29a51900a107,Mamá,1,true,false,true,false,2025-10-08 17:07:59.346356-07
f5bb300e-d8ed-4cca-b176-cb11e46338bd,0c84b5db-cd07-429a-b616-5dcdfd189be0,Papá,2,true,false,true,false,2025-10-16 13:29:06.092751-07
f5bb300e-d8ed-4cca-b176-cb11e46338bd,913ebe05-a5a7-4dab-9225-46c05690161a,Mamá,1,true,false,true,false,2025-10-16 13:29:05.626575-07
f618e808-f64d-40f7-ac44-d3b6ddc0f0a7,777a0810-6148-4054-a98a-cd455688af66,Tía,1,true,false,true,false,2025-10-15 20:04:21.666061-07
fa437269-6375-40e4-87dc-f133c454a67b,99fe0933-4662-4255-bd44-24c31eca8aa6,Tío,2,false,false,false,false,2025-10-15 18:48:33.667291-07
fa437269-6375-40e4-87dc-f133c454a67b,e4a1743e-98a9-4066-84c3-40fdd793972d,Mamá,1,true,false,true,false,2025-10-15 18:48:33.172132-07
fdee6234-bf6d-4d45-bbd4-731a1c453987,3798f0a6-a397-4ca0-bdab-7229b494a4a8,Mamá,1,true,false,true,false,2025-10-16 12:41:54.260655-07
fdee6234-bf6d-4d45-bbd4-731a1c453987,8edd6a87-9a30-4d82-84c2-e58139ac14b2,Papá,2,true,false,true,false,2025-10-16 12:41:54.681708-07