id,pago_id,alumno_id,ciclo_id,periodo,monto_aplicado
001fd97d-c501-4cc8-86f0-8d37a80022bb,5cd6e479-6128-4773-9f27-d8dd866c992f,a71be5b5-f484-434a-912c-d679234166b5,fddaf8e9-6acb-4f4d-9e99-d57f7fba847d,OCT,1600.00
0081efd6-049e-4118-8e36-64d89e76543d,c40e4ba3-4fa0-4d00-bd3d-9a0b0a224861,fdee6234-bf6d-4d45-bbd4-731a1c453987,fddaf8e9-6acb-4f4d-9e99-d57f7fba847d,MAY,950.00
016e19f5-51d7-4770-92d4-618ac1a3dc55,0a1a6a5d-e11e-4b3c-86e6-481cdea02a3c,abea3641-4bdf-451a-8710-fa95ab34cab7,fddaf8e9-6acb-4f4d-9e99-d57f7fba847d,ENE,1600.00
01c58879-0a12-4548-bf79-fb4dd0f5bf19,87a4d9dc-3eec-4720-98e7-494d55c7484d,40dc866f-fce4-4635-bf68-fa98f8b87c6e,fddaf8e9-6acb-4f4d-9e99-d57f7fba847d,NOV,1100.00
01d8daf6-879f-48b2-a95f-c17f6b9eae7e,ebadc57d-7bc2-4cc1-8965-88af6046bf67,a8144361-4bce-487c-bc3a-949391e8d895,fddaf8e9-6acb-4f4d-9e99-d57f7fba847d,NOV,900.00
01e4e269-67e9-455a-bce2-3eafe62628cf,8fc40b3a-48e1-4e54-9486-1e3ab9afed24,ea4ba647-d045-4e06-ae83-397c1aa0fb8d,fddaf8e9-6acb-4f4d-9e99-d57f7fba847d,DIC/JUL,3000.00
0213b219-4899-4a93-a535-aa8a688b3a7b,f661b016-5d0e-46e7-bcc4-cc6df46d45b3,a289cbad-dbdb-4e9c-8afd-aeef6bbd7fcb,fddaf8e9-6acb-4f4d-9e99-d57f7fba847d,FEB,1400.00
0235364a-c0cb-4283-a9b6-0733473c05ae,638b5959-6309-439d-925d-6ed5da61c9a7,845acc82-5357-4263-a24c-e03f7ea60a49,fddaf8e9-6acb-4f4d-9e99-d57f7fba847d,MAR/AGO,1800.00
02ca004b-e6ec-4736-b484-5dad0796b727,b6e7f967-719f-428c-84d5-309ebcee0e50,2e6b93f5-df65-49fd-8c38-d2325e1f2a4f,fddaf8e9-6acb-4f4d-9e99-d57f7fba847d,SEP,900.00
0368546b-cee6-4800-a175-b03fc99a3cdf,9d02d2a0-955d-4d28-8025-44e51be15400,f55dbff7-6831-4d96-8262-f103ccf4bd43,fddaf8e9-6acb-4f4d-9e99-d57f7fba847d,DIC/JUL,1200.00
0370c3b2-ac52-4f28-adcb-d694d5ae1b6e,6dff9aaa-3c00-40aa-8f15-cd5f3f17f034,81db6f65-f0d0-45e2-93d7-8d0e5c3dc56a,fddaf8e9-6acb-4f4d-9e99-d57f7fba847d,FEB,1000.00
037e8996-961f-4b86-82ef-5bc0c24bb880,55296bab-443d-4472-afea-d29bcbc290fe,69450844-df68-4eb9-a465-967c31417074,fddaf8e9-6acb-4f4d-9e99-d57f7fba847d,MAR/AGO,3200.00
03d199bf-be65-4c35-b8fa-43aae5ef960e,66803273-03f8-4bc2-83b3-76696a313c0c,d08fe665-bb14-41a1-b1b8-902320280075,fddaf8e9-6acb-4f4d-9e99-d57f7fba847d,SEP,1350.00
04ccc4c1-969e-4cfd-992c-e5706589a889,187af412-f461-44d2-8b9e-175bd2b9ccb3,6539fe6a-8f3f-4a06-aa20-dbb71a0a4ccb,fddaf8e9-6acb-4f4d-9e99-d57f7fba847d,JUN,1600.00
058004d9-7f10-42c0-b3ef-8eb9b3298681,648c4063-8d1e-4e0d-add1-f67f1d528fd1,83744ef9-a5f4-4c6a-9c81-a6ea4f9507cf,fddaf8e9-6acb-4f4d-9e99-d57f7fba847d,SEP,1300.00
0587eee3-e645-4b9b-a46e-3d5db50980fc,2ddced2d-31a9-4373-ab17-daa3a8ec7d1e,562676d8-327a-4012-97e1-f0cfefc685b0,fddaf8e9-6acb-4f4d-9e99-d57f7fba847d,SEP,1500.00
069d0b64-c0ff-4110-aa48-72f7c41a8595,e9d75e7e-2293-41f4-9ed9-081bc958d548,95149f3e-bf90-4279-8471-a562bd517960,fddaf8e9-6acb-4f4d-9e99-d57f7fba847d,SEP,1600.00
06fee517-5029-40b7-86a7-2e91ba38c162,4e872a54-d171-4b2e-af2d-d519f946fd18,0e861609-c592-4713-bfad-a86c2f7d1c00,fddaf8e9-6acb-4f4d-9e99-d57f7fba847d,MAR/AGO,900.00
07bd1441-d4a5-41b6-95ac-6feb716ae04d,1ccaff4d-1cbe-4239-a60d-348eb7c40777,f618e808-f64d-40f7-ac44-d3b6ddc0f0a7,fddaf8e9-6acb-4f4d-9e99-d57f7fba847d,MAR/AGO,1500.00
08e3a19e-ba31-46db-8a79-92748f1e8577,64299548-3745-482a-ad5d-c9bd4f6d293f,02b5e8d1-89fb-4a1d-a9d3-58817df86b24,fddaf8e9-6acb-4f4d-9e99-d57f7fba847d,DIC/JUL,1600.00
0a93e7cd-1a32-42e4-bcbb-6883ef32bc0c,5d892765-d6d3-4579-b10f-3bec8937a2cc,3f6663d7-9b89-4ea2-9f06-5035caff6390,fddaf8e9-6acb-4f4d-9e99-d57f7fba847d,ENE,900.00
0af4fe5b-0365-41a7-96b7-72e2f50a60fb,e52c361c-939b-46de-9701-597be913c647,bfce22f5-d7f1-4b93-8fc1-eb5907831b0c,fddaf8e9-6acb-4f4d-9e99-d57f7fba847d,OCT,200.00
0ba4d867-ba3d-4fe6-9a94-890d23fdbbc5,199426a3-5f0d-4019-9bb9-946c8daca0a9,81db6f65-f0d0-45e2-93d7-8d0e5c3dc56a,fddaf8e9-6acb-4f4d-9e99-d57f7fba847d,DIC/JUL,1000.00
0bbb5c78-9483-4baf-be03-417bbf985115,0d48bff5-1647-4b48-9b94-ae24fe28ee74,2645afb7-c140-490c-b8db-c0dd4fbf6e11,fddaf8e9-6acb-4f4d-9e99-d57f7fba847d,OCT,500.00
0bc2e540-b98d-4a4b-ac35-bed7cc980054,a9cc916f-860e-4c37-86fd-e648df1c783d,2fe35f28-fbab-491d-91b2-3d939e6b55bd,fddaf8e9-6acb-4f4d-9e99-d57f7fba847d,NOV,1500.00
0bd2dddc-5094-4dbf-9de3-2f197be5f377,f49493d8-17b9-440e-a353-eea16b1eab6c,18f8e872-a787-4eef-953c-1c326065039e,fddaf8e9-6acb-4f4d-9e99-d57f7fba847d,DIC/JUL,2000.00
0c09b830-f7d5-4360-bdf2-e15614edd701,dd18c007-9a14-426a-acf4-29adc3ecfdeb,58f5f801-a774-4b45-8960-aec7b7127187,fddaf8e9-6acb-4f4d-9e99-d57f7fba847d,SEP,1600.00
0c8db4d4-6649-4965-8aa6-2be01a3460c4,55676b79-3879-420d-b6b9-bb72312d1d1a,95149f3e-bf90-4279-8471-a562bd517960,fddaf8e9-6acb-4f4d-9e99-d57f7fba847d,FEB,1600.00
0d4fafe4-18cb-4202-a33b-1638f9bc3558,e637b627-3063-461a-bb4b-59376ab92308,845acc82-5357-4263-a24c-e03f7ea60a49,fddaf8e9-6acb-4f4d-9e99-d57f7fba847d,ENE,900.00
0dcfc31a-3f0d-465b-9811-0b477475ff69,a63de987-fed0-420f-a038-387b82dc4ab3,2a0d752a-79d5-4658-bf0d-64b137383ac6,fddaf8e9-6acb-4f4d-9e99-d57f7fba847d,NOV,900.00
0de5903c-90b6-438f-965c-411e9bf2e51a,1a7541e3-b0f5-4ef3-80f3-f72a2e834060,d08fe665-bb14-41a1-b1b8-902320280075,fddaf8e9-6acb-4f4d-9e99-d57f7fba847d,OCT,1600.00
0e9882ac-d856-46b8-8cb6-2c0338112fff,771a5c07-d08d-491c-8daa-da499c3b4312,abea3641-4bdf-451a-8710-fa95ab34cab7,fddaf8e9-6acb-4f4d-9e99-d57f7fba847d,FEB,1600.00
0e9d7edf-178e-457a-91ec-9dd54b526b91,4ac1121f-539b-43ed-9ffe-51bcdb91fbdd,2fe35f28-fbab-491d-91b2-3d939e6b55bd,fddaf8e9-6acb-4f4d-9e99-d57f7fba847d,DIC/JUL,1500.00
0f54f488-7c3e-4093-8008-10c50fac6334,30f9b1c9-0dc2-44dd-891f-a6deca9dba16,bcb7ffd8-0cfa-449a-88d5-626f505cb19c,fddaf8e9-6acb-4f4d-9e99-d57f7fba847d,MAR/AGO,1100.00
0f8f7e53-ef45-4121-98a1-42692b20a104,510be0bf-7f23-42d8-bc58-1611de165d11,4f28d56c-a1e3-4052-87a3-ecd1d9b0d5b6,fddaf8e9-6acb-4f4d-9e99-d57f7fba847d,DIC/JUL,3000.00
102f4da5-ca5b-448c-a743-8e0be13586c5,394f24f9-3c53-4f97-b17d-c9f71824630c,ae5f806a-46b0-4a53-8eb3-9a5dd3e9d0dd,fddaf8e9-6acb-4f4d-9e99-d57f7fba847d,DIC/JUL,1300.00
10714570-3f80-4b1b-8fd2-cfe252e9a478,5d709c70-7ad6-46cf-a10a-820e1677751b,0e861609-c592-4713-bfad-a86c2f7d1c00,fddaf8e9-6acb-4f4d-9e99-d57f7fba847d,ENE,1600.00
118975dc-ff44-4d65-9c2c-870514ea9a13,b943106c-d45f-4a4b-a2cb-14eb7ba575e8,e57db8cf-8012-4fa3-b822-41d98008dc00,fddaf8e9-6acb-4f4d-9e99-d57f7fba847d,OCT,1500.00
127b4e5e-4198-45b1-9d36-a8da1bef2d3d,b78417c7-1744-485b-a9e3-f80e4923e2a2,6a9b25d0-e6e4-4cf2-94ef-4ba0a59c5b2d,fddaf8e9-6acb-4f4d-9e99-d57f7fba847d,DIC/JUL,1000.00
12d57605-380a-4323-8b25-f77bad4f44cc,925d3cba-faf2-459b-8c33-93f61d8cc2f1,2fe35f28-fbab-491d-91b2-3d939e6b55bd,fddaf8e9-6acb-4f4d-9e99-d57f7fba847d,FEB,1500.00
13860f21-5f55-40b7-8ac3-d7a817f53dd3,1ccaff4d-1cbe-4239-a60d-348eb7c40777,f618e808-f64d-40f7-ac44-d3b6ddc0f0a7,fddaf8e9-6acb-4f4d-9e99-d57f7fba847d,FEB,1500.00
13d7aed8-ddd3-439a-9dc0-6f8e10a78be7,c3951197-15ae-40cb-a607-92906e7a3e8e,eb5427dd-f41c-4408-8815-26493a90c351,fddaf8e9-6acb-4f4d-9e99-d57f7fba847d,SEP,1100.00
14a705e6-634a-4581-ae54-dbd54239c37c,b3587a26-8180-4e2c-8d9d-e03df8dec23e,5cb7777e-5664-4929-b875-cddff5a7c18c,fddaf8e9-6acb-4f4d-9e99-d57f7fba847d,SEP,1500.00
14c0b237-2f5d-4505-9788-5c961254515a,ea88c248-a146-4114-b733-42a91b8d9f07,64b7b8c4-c418-4b27-8aa7-31c44d2850f4,fddaf8e9-6acb-4f4d-9e99-d57f7fba847d,JUN,1200.00
157a6361-ba3b-4f08-ae7f-37ab4b4705c3,d0026d67-1665-4147-8658-1c3356f87ad4,69450844-df68-4eb9-a465-967c31417074,fddaf8e9-6acb-4f4d-9e99-d57f7fba847d,ENE,1600.00
176f777d-1c42-43f6-ba3e-47c5ea29c1f0,7c05cb82-b950-41a6-bdf3-5b0a8aca00c0,02b5e8d1-89fb-4a1d-a9d3-58817df86b24,fddaf8e9-6acb-4f4d-9e99-d57f7fba847d,MAY,1600.00
177a7172-a23c-4f61-800c-d4faab85d799,eef02603-dcf5-43d0-9cdd-5b996811bc22,209dac48-1e05-4390-a5da-676e1ee3b311,fddaf8e9-6acb-4f4d-9e99-d57f7fba847d,DIC/JUL,1000.00
17b7e0da-2bf9-4ad0-ab95-4fee64793fec,f24f3b61-fb07-43cc-bd63-95c5218fdd07,2645afb7-c140-490c-b8db-c0dd4fbf6e11,fddaf8e9-6acb-4f4d-9e99-d57f7fba847d,OCT,1000.00
17beea2e-666e-45c4-88af-6829c189f824,67155681-e8ea-40bf-9967-e9f99f52469c,8d1da005-457e-4b91-b44a-605b0ca3c47a,fddaf8e9-6acb-4f4d-9e99-d57f7fba847d,DIC/JUL,1600.00
1823395d-e4fa-480e-b0e5-c587bf8158a9,feb3227e-471a-4a31-b8f3-5665eb705aa5,edd2b7ac-5bca-4650-8c2e-75f65e70849f,fddaf8e9-6acb-4f4d-9e99-d57f7fba847d,FEB,1200.00
18e12275-5dfd-461d-b4f5-db650f1bc581,1092c2c0-0bda-4d5a-8a2a-227cfc06dd4b,f618e808-f64d-40f7-ac44-d3b6ddc0f0a7,fddaf8e9-6acb-4f4d-9e99-d57f7fba847d,SEP,1500.00
1a3b6126-afa4-41ac-9cf5-d121dae5be61,1180d70f-df0b-4a60-b829-4e85f5291a8d,bfce22f5-d7f1-4b93-8fc1-eb5907831b0c,fddaf8e9-6acb-4f4d-9e99-d57f7fba847d,OCT,1200.00
1ac16da0-3e74-4342-bf06-14cc8a3c3525,a3997865-143b-4136-96d3-ae14e5645a32,6f2f8410-2704-4938-8538-21edb5b8221a,fddaf8e9-6acb-4f4d-9e99-d57f7fba847d,DIC/JUL,1000.00
1b511183-774d-4387-8b8c-c59525c0f4dd,1b5f19a9-3307-406d-93cd-a4505910705c,18f8e872-a787-4eef-953c-1c326065039e,fddaf8e9-6acb-4f4d-9e99-d57f7fba847d,FEB,1000.00
1bf78edb-6fbf-4e31-bc5c-820e34fb298a,029b4a50-b584-4e4d-afcb-d7d1ad63af4c,533aa94a-8eb8-436d-82ac-cb0d104f816e,fddaf8e9-6acb-4f4d-9e99-d57f7fba847d,MAR/AGO,900.00
1cbf5b32-af3c-4ce3-b015-2e59e390b529,29746c95-4f3b-4b2b-aca4-9c8be1de7baa,64b7b8c4-c418-4b27-8aa7-31c44d2850f4,fddaf8e9-6acb-4f4d-9e99-d57f7fba847d,ABR,1200.00
1cd28d63-e77a-4bd3-81eb-313a29843ff0,03ff9a0a-174f-420c-a991-1d9c3caf87a0,562676d8-327a-4012-97e1-f0cfefc685b0,fddaf8e9-6acb-4f4d-9e99-d57f7fba847d,OCT,400.00
1cf8a980-3712-4fba-92ff-6a3242a404ee,1a553249-dd48-4edf-b942-e9682b8f62fe,64b7b8c4-c418-4b27-8aa7-31c44d2850f4,fddaf8e9-6acb-4f4d-9e99-d57f7fba847d,MAR/AGO,1200.00
1d27f28a-6fe7-4318-a294-58bfe3aca367,38cb050a-6f92-41e2-9c10-3d743fd2923d,a289cbad-dbdb-4e9c-8afd-aeef6bbd7fcb,fddaf8e9-6acb-4f4d-9e99-d57f7fba847d,MAY,1400.00
1d362d27-3451-4e68-a338-e990aacac92a,c39f2b70-3bec-4546-b00d-f52e073b1845,58f5f801-a774-4b45-8960-aec7b7127187,fddaf8e9-6acb-4f4d-9e99-d57f7fba847d,ENE,1600.00
1d97ccc2-e0bc-47b4-9881-912ccf67b6bd,98ed463f-b69f-4efc-8216-8ab3631fcb90,f618e808-f64d-40f7-ac44-d3b6ddc0f0a7,fddaf8e9-6acb-4f4d-9e99-d57f7fba847d,ABR,1500.00
1ddfb145-834b-4396-83b9-4f30c688a469,8bb7875b-577c-4369-a323-f7a39fc83652,0a79ced7-bab3-44d8-89da-e166880163bd,fddaf8e9-6acb-4f4d-9e99-d57f7fba847d,FEB,900.00
1e54d450-295c-45d2-b056-14253fc821ef,974e5d1a-a8b2-4bca-89fe-05149a25dcf4,edd2b7ac-5bca-4650-8c2e-75f65e70849f,fddaf8e9-6acb-4f4d-9e99-d57f7fba847d,OCT,1200.00
1e5600ca-ca21-4d24-9258-865d124f96b1,05ccfec6-40a3-484e-8e23-6cbe9465cb1a,07d3c06f-1b7d-4925-b8d6-cfb887acabb6,fddaf8e9-6acb-4f4d-9e99-d57f7fba847d,OCT,1600.00
1ec9247b-00cc-4639-9ba2-a74c4a6a256c,be2b4057-c9f4-454d-bf03-995137990ded,f5bb300e-d8ed-4cca-b176-cb11e46338bd,fddaf8e9-6acb-4f4d-9e99-d57f7fba847d,DIC/JUL,2800.00
1f420b52-f970-48e7-bd23-c71b460693cd,0fafc0f4-113a-45b8-8451-d7333b4fc712,2a01ea65-7487-4834-ab23-855018d8868e,fddaf8e9-6acb-4f4d-9e99-d57f7fba847d,SEP,1500.00
1f44a60d-75da-450b-b2ec-80b8e0debe58,1b719dcf-49ab-4514-a14b-772dbe817e33,6d484f92-07ed-4ef5-acde-ed43c7314527,fddaf8e9-6acb-4f4d-9e99-d57f7fba847d,ENE,1500.00
1f5365d6-6908-4bac-9704-fca7473c6be3,9b854967-0e53-492b-a519-f3fd9f480da9,209dac48-1e05-4390-a5da-676e1ee3b311,fddaf8e9-6acb-4f4d-9e99-d57f7fba847d,FEB,500.00
202e14de-8b08-47b1-b048-b752b033b837,3824d5d2-992d-4d56-8548-963a1fa891a3,7babc8a8-10d3-41e2-bb40-868a18dc2300,fddaf8e9-6acb-4f4d-9e99-d57f7fba847d,DIC/JUL,1200.00
203f46d8-3a2c-4131-824f-2edd10efc6ad,a0e211dd-3900-4a49-b722-f6e628c2ce27,f5bb300e-d8ed-4cca-b176-cb11e46338bd,fddaf8e9-6acb-4f4d-9e99-d57f7fba847d,OCT,1400.00
20ab650b-c3c7-4542-8563-dd82f38598a5,0136b30d-9b4b-4006-aae7-e589254a7545,00fca4aa-70ed-464e-822f-6272cba1d93e,fddaf8e9-6acb-4f4d-9e99-d57f7fba847d,FEB,1400.00
21a5a605-b55c-4ae3-95ca-df22a2943cc1,039e6bdc-7b56-4c43-ae71-228db6dda632,3523dbd3-f616-4c1d-9a52-db64d88e0b23,fddaf8e9-6acb-4f4d-9e99-d57f7fba847d,FEB,300.00
21f93348-99d1-4b0a-8e59-bc5cac290dce,d2fd05cb-c9b3-4a11-a027-e49e75c4dd12,2e6b93f5-df65-49fd-8c38-d2325e1f2a4f,fddaf8e9-6acb-4f4d-9e99-d57f7fba847d,FEB,900.00
22589a94-fa24-4230-828c-1b0ab130d174,286dad99-3573-41a4-a2b6-4b9b662ae705,3523dbd3-f616-4c1d-9a52-db64d88e0b23,fddaf8e9-6acb-4f4d-9e99-d57f7fba847d,DIC/JUL,300.00
237f4da5-03aa-4d0b-8b54-2331c97371c3,36f02d58-ec03-4f85-ba31-55dc444aeb61,2a01ea65-7487-4834-ab23-855018d8868e,fddaf8e9-6acb-4f4d-9e99-d57f7fba847d,ABR,1500.00
23df1d96-5c06-48c7-8fbe-a7f35b1150d4,cde5829e-4404-4aa9-80fd-3826349cdce6,fdee6234-bf6d-4d45-bbd4-731a1c453987,fddaf8e9-6acb-4f4d-9e99-d57f7fba847d,FEB,950.00
24ba6815-1dd5-45a9-aacd-2670035cc89f,844bdc34-6fb3-4c1b-8a40-bf2a0c26385b,18f8e872-a787-4eef-953c-1c326065039e,fddaf8e9-6acb-4f4d-9e99-d57f7fba847d,SEP,1000.00
24d56364-4976-4ade-b9ff-4f154c9198b3,944bfa31-865f-4719-926a-0dc33b172e70,6f2f8410-2704-4938-8538-21edb5b8221a,fddaf8e9-6acb-4f4d-9e99-d57f7fba847d,NOV,1000.00
252bbf01-fbf0-4282-8af7-c1f5edc51ce3,62bd8fa4-071f-4272-b927-e5049ce2d780,69450844-df68-4eb9-a465-967c31417074,fddaf8e9-6acb-4f4d-9e99-d57f7fba847d,NOV,1600.00
26aec52f-bfb0-460b-a0ed-f3cf5cc79a93,43133b09-9196-4525-9262-f024b750830a,f55dbff7-6831-4d96-8262-f103ccf4bd43,fddaf8e9-6acb-4f4d-9e99-d57f7fba847d,MAY,1200.00
272b4147-3738-4b73-ba1e-0cc47ed526c2,1263fa4c-5a14-4ee9-bd12-63e800201e0c,0489bdaf-c632-4a1f-9b8e-85dba33a74b0,fddaf8e9-6acb-4f4d-9e99-d57f7fba847d,NOV,1100.00
279c2eb6-a645-49e6-9b1f-3e7ce223a41f,a39d6d5e-d2b3-41ad-80af-0d7b3bcb5ac0,7392fe19-c6bd-489a-9cf5-3f6861139603,fddaf8e9-6acb-4f4d-9e99-d57f7fba847d,MAR/AGO,1300.00
27bf0eee-3d05-49e4-812d-3db84be6ad6b,d3708c6a-9d89-4111-925c-2792788ee413,845acc82-5357-4263-a24c-e03f7ea60a49,fddaf8e9-6acb-4f4d-9e99-d57f7fba847d,DIC/JUL,1800.00
28895733-f073-4a9f-b88c-7176131739b9,5c2957a7-918d-4e81-b8a4-04645515a40f,00fca4aa-70ed-464e-822f-6272cba1d93e,fddaf8e9-6acb-4f4d-9e99-d57f7fba847d,MAR/AGO,1400.00
288cec61-0fdc-421c-9bee-4929b4b27f65,fc5e0ada-d850-4460-a248-6ed3c806d4fb,e2808836-b027-41af-8918-de113abd6e4a,fddaf8e9-6acb-4f4d-9e99-d57f7fba847d,DIC/JUL,2900.00
28f113ed-4a5b-436e-be15-f73224b288b9,8954268c-9814-4e60-9013-9f275418f802,61ed3b0d-3542-46bc-a02d-4f73b36cffd3,fddaf8e9-6acb-4f4d-9e99-d57f7fba847d,MAR/AGO,1100.00
28f9c0f7-0a3b-40d6-b291-4ba49e0b3c3b,93e90777-992a-49fb-afb7-9f225391f889,a6b37970-a2fa-4a7b-8b11-d3e5151b40b3,fddaf8e9-6acb-4f4d-9e99-d57f7fba847d,FEB,1600.00
28fa27a4-8b6c-41b9-91bf-55bf332da16f,7e7e1517-0c3c-47c1-b8cd-74aebe03674b,4f28d56c-a1e3-4052-87a3-ecd1d9b0d5b6,fddaf8e9-6acb-4f4d-9e99-d57f7fba847d,NOV,1500.00
296f4635-200e-4e4a-986c-389bae8e38ca,da33167e-2f94-4e86-9b1f-7b648f0acc42,6d484f92-07ed-4ef5-acde-ed43c7314527,fddaf8e9-6acb-4f4d-9e99-d57f7fba847d,FEB,1500.00
298f02fc-e359-40b2-8a17-e46ba27f12d1,e9c4893a-6337-4083-81f4-e60f9ae37d61,e2808836-b027-41af-8918-de113abd6e4a,fddaf8e9-6acb-4f4d-9e99-d57f7fba847d,DIC/JUL,300.00
2a6048af-775e-47fe-bfe4-f7f90472ae32,5101766a-00ae-437b-8aba-f207a6e13787,2bc201a6-4c7f-402c-9ed1-a2310ae79d3c,fddaf8e9-6acb-4f4d-9e99-d57f7fba847d,MAR/AGO,1500.00
2ba0d524-8f07-4082-9778-571bf0e08835,a759ded7-01f8-42ba-9e5f-b719537b65c4,a6b37970-a2fa-4a7b-8b11-d3e5151b40b3,fddaf8e9-6acb-4f4d-9e99-d57f7fba847d,MAR/AGO,1600.00
2ba89dd1-2558-44c1-be97-2dc7ef3a7aac,dc1c2396-e6e5-49b1-9c5d-ae2def208451,2a01ea65-7487-4834-ab23-855018d8868e,fddaf8e9-6acb-4f4d-9e99-d57f7fba847d,FEB,1500.00
2bcdc74d-b11a-4aeb-ad47-934b6f010749,23f74bb2-99c6-4afa-be52-f2861f3925eb,61ed3b0d-3542-46bc-a02d-4f73b36cffd3,fddaf8e9-6acb-4f4d-9e99-d57f7fba847d,ENE,1100.00
2c2ab748-62b8-4321-ae79-208050dd48be,f139aaa0-b214-4326-85c4-a8e888401998,209dac48-1e05-4390-a5da-676e1ee3b311,fddaf8e9-6acb-4f4d-9e99-d57f7fba847d,FEB,500.00
2c81843d-6a81-4967-8dab-7151048048fb,7765d43b-22eb-4752-baf5-b0291c501a09,0a79ced7-bab3-44d8-89da-e166880163bd,fddaf8e9-6acb-4f4d-9e99-d57f7fba847d,SEP,900.00
2c8adb23-ccd3-44a7-9e79-ef4dcd8ecf3b,6b950e9d-7f30-4945-be2b-930472b56d16,00fca4aa-70ed-464e-822f-6272cba1d93e,fddaf8e9-6acb-4f4d-9e99-d57f7fba847d,SEP,1400.00
2cbbcf94-3a3b-4b06-91dd-9f5d0487d725,49be256b-8098-4920-9054-f0fccbdf7eda,02b5e8d1-89fb-4a1d-a9d3-58817df86b24,fddaf8e9-6acb-4f4d-9e99-d57f7fba847d,JUN,1600.00
2d2d09f9-c472-4222-9449-b68fcb5b7633,40b223f4-e296-435f-ad8f-5709bce58af6,abea3641-4bdf-451a-8710-fa95ab34cab7,fddaf8e9-6acb-4f4d-9e99-d57f7fba847d,DIC/JUL,1600.00
2d2f0af4-fc64-405b-a426-88ddabe604a5,f8bb5fc2-b96b-4118-85ae-18c29ee5f66f,2bc201a6-4c7f-402c-9ed1-a2310ae79d3c,fddaf8e9-6acb-4f4d-9e99-d57f7fba847d,DIC/JUL,3000.00
2d708e45-8c38-4992-94cd-39f0fce2fd56,ce501381-6a93-42df-ba13-1b768e1cb67c,9ace76f4-cf42-4715-ba18-951ec5af9103,fddaf8e9-6acb-4f4d-9e99-d57f7fba847d,FEB,1000.00
2dcc1e48-9e04-4606-9ae0-b60fc491bacc,49aa119d-8bdb-4fbc-9d31-5e4e15cfbc52,95149f3e-bf90-4279-8471-a562bd517960,fddaf8e9-6acb-4f4d-9e99-d57f7fba847d,MAR/AGO,2600.00
2e743fb0-f194-481f-ae83-6a4fb8b3f3f5,6c3d9eec-d5e6-4d89-ab02-f3ffd51da307,95149f3e-bf90-4279-8471-a562bd517960,fddaf8e9-6acb-4f4d-9e99-d57f7fba847d,OCT,1600.00
2e7cc48f-8c11-498d-bb3a-13ef81dce1c2,60beb4a6-b6ab-4637-8dc0-ad9ef13d6e6b,5cb7777e-5664-4929-b875-cddff5a7c18c,fddaf8e9-6acb-4f4d-9e99-d57f7fba847d,OCT,1500.00
2fa62a7b-e1d6-43de-8026-9a8f2f852b21,c8ae07ae-8f93-4a76-93d1-37b612919e7f,df9c3a2b-804a-47bc-9b11-eb45575dad16,fddaf8e9-6acb-4f4d-9e99-d57f7fba847d,NOV,1000.00
307a337f-e9e9-41c7-adf9-9771e652907e,097ace18-4f1e-4881-9817-11701f22887d,18f8e872-a787-4eef-953c-1c326065039e,fddaf8e9-6acb-4f4d-9e99-d57f7fba847d,MAR/AGO,2000.00
30d4201c-1650-466a-95ae-d5c577f82167,5bb37264-08c3-4750-82bf-2b29cb140ae4,3523dbd3-f616-4c1d-9a52-db64d88e0b23,fddaf8e9-6acb-4f4d-9e99-d57f7fba847d,OCT,1400.00
31cd9cfd-fc2f-4dc2-9618-bf632110e729,fc5e0ada-d850-4460-a248-6ed3c806d4fb,e2808836-b027-41af-8918-de113abd6e4a,fddaf8e9-6acb-4f4d-9e99-d57f7fba847d,NOV,1600.00
335cb439-8c96-4780-89f6-328e39944d9f,e9f163be-e6f1-4204-ac56-6bd87de2eabb,f5bb300e-d8ed-4cca-b176-cb11e46338bd,fddaf8e9-6acb-4f4d-9e99-d57f7fba847d,MAR/AGO,2800.00
33f2c956-2eb3-49fa-88be-e81b061acfe0,0d48bff5-1647-4b48-9b94-ae24fe28ee74,2645afb7-c140-490c-b8db-c0dd4fbf6e11,fddaf8e9-6acb-4f4d-9e99-d57f7fba847d,NOV,1000.00
34968b8a-8365-45ed-aa93-1b45a28b23b0,412b9737-d258-4165-9999-9a2c090b57ec,d08fe665-bb14-41a1-b1b8-902320280075,fddaf8e9-6acb-4f4d-9e99-d57f7fba847d,NOV,1600.00
34fa1a75-7f0d-4227-9ff5-736b85da804f,7f51aaf3-0909-41e1-ba85-f12bd8c6bed3,02b5e8d1-89fb-4a1d-a9d3-58817df86b24,fddaf8e9-6acb-4f4d-9e99-d57f7fba847d,NOV,1600.00
3522e077-0062-4020-a8a9-ff631366c6e1,a4365856-d5ca-4ce5-b36b-3d7b7f8347b9,a6b37970-a2fa-4a7b-8b11-d3e5151b40b3,fddaf8e9-6acb-4f4d-9e99-d57f7fba847d,DIC/JUL,3200.00
3602febe-f888-44b9-9402-9bcf5d2f8e52,5a169ab8-5118-4ab6-b102-cafd3635e3c3,c94e75bd-f940-4e2f-a9b3-2d1dc8ad0554,fddaf8e9-6acb-4f4d-9e99-d57f7fba847d,ENE,1500.00
36030514-c4a4-49e4-aa96-8cd3e99b519f,9af345e7-4b77-4460-971e-5d97f0980335,a6b37970-a2fa-4a7b-8b11-d3e5151b40b3,fddaf8e9-6acb-4f4d-9e99-d57f7fba847d,NOV,1600.00
3637abc3-0862-42e8-8886-b54d3f4c8455,c09ea285-8e0a-4e4b-8aa9-f320ab49ef73,6a9b25d0-e6e4-4cf2-94ef-4ba0a59c5b2d,fddaf8e9-6acb-4f4d-9e99-d57f7fba847d,ENE,1000.00
366dfefd-d2b7-4a5f-b5e5-a63608a50eb5,eeb325a8-d5a3-4ded-9cba-e099ba368380,f5bb300e-d8ed-4cca-b176-cb11e46338bd,fddaf8e9-6acb-4f4d-9e99-d57f7fba847d,ABR,1400.00
36a33670-92d1-4855-b266-0513b65e1a7c,3b5e122d-3ea9-49b3-a6a0-b5579a3400da,2bc201a6-4c7f-402c-9ed1-a2310ae79d3c,fddaf8e9-6acb-4f4d-9e99-d57f7fba847d,ABR,1500.00
374edf37-1c7a-48b5-a11b-947c8eb0da60,00cce7ee-4b15-4693-bda7-1d41d3c43ab9,02b5e8d1-89fb-4a1d-a9d3-58817df86b24,fddaf8e9-6acb-4f4d-9e99-d57f7fba847d,FEB,1600.00
3753e407-e0f9-4ac9-8811-38d127e4897b,1a7077b3-3adb-4d56-b815-3206b9f64802,fdee6234-bf6d-4d45-bbd4-731a1c453987,fddaf8e9-6acb-4f4d-9e99-d57f7fba847d,NOV,950.00
37d197f3-a8e8-4822-8a25-6f7690ba17ec,8738bd3c-81e7-4ec8-96b0-883dc2b059e9,c94e75bd-f940-4e2f-a9b3-2d1dc8ad0554,fddaf8e9-6acb-4f4d-9e99-d57f7fba847d,FEB,1500.00
38cee570-4693-450f-9a9a-a6c3d43bb099,889b1b65-b6ab-4ee7-893a-02b6f35f7782,afa0658f-b7b9-4fb1-997b-0e0fcf93b4e1,fddaf8e9-6acb-4f4d-9e99-d57f7fba847d,DIC/JUL,1500.00
397fe658-7900-4b33-b171-039d5660855e,985813d1-5a69-4df5-82cd-21ef09fc9d75,6539fe6a-8f3f-4a06-aa20-dbb71a0a4ccb,fddaf8e9-6acb-4f4d-9e99-d57f7fba847d,FEB,1600.00
3981e347-ba9c-4a28-afc3-53a8d2e37780,85ec62b1-3563-42c1-9e38-a221297dc2ad,6539fe6a-8f3f-4a06-aa20-dbb71a0a4ccb,fddaf8e9-6acb-4f4d-9e99-d57f7fba847d,DIC/JUL,3200.00
39a25ff7-eba9-4772-a53a-d31e1dcde8ef,e8ce64c4-5dbd-49ac-b5c0-6f55fb50fd3a,f0fe1f2d-d8f7-4f5d-b713-d15b3cc1f577,fddaf8e9-6acb-4f4d-9e99-d57f7fba847d,OCT,1100.00
3a1995fc-2e5d-4547-975c-e792bee984e4,e5313580-39b4-456a-9800-27cd79d4e3e6,2645afb7-c140-490c-b8db-c0dd4fbf6e11,fddaf8e9-6acb-4f4d-9e99-d57f7fba847d,FEB,1500.00
3a3bc7e6-f147-4da7-8f81-860d7afd9eae,8b188b1e-ead9-40de-8fd1-8d121419e444,a4c9cada-bb7c-4116-8091-8b3e944aba30,fddaf8e9-6acb-4f4d-9e99-d57f7fba847d,MAR/AGO,1000.00
3b6ca9b7-3b23-4b50-818c-8458ba8dab32,76bba8f6-c616-40f3-85c1-ab9b8bfb4b4d,0e861609-c592-4713-bfad-a86c2f7d1c00,fddaf8e9-6acb-4f4d-9e99-d57f7fba847d,OCT,1600.00
3be1085f-62b9-4991-9a64-92d085c9e493,98ed463f-b69f-4efc-8216-8ab3631fcb90,f618e808-f64d-40f7-ac44-d3b6ddc0f0a7,fddaf8e9-6acb-4f4d-9e99-d57f7fba847d,MAR/AGO,1500.00
3cb56276-5644-4f4d-aa58-ff67c348de47,0dc5a73c-4282-4f0d-937c-6a32957c1d25,6539fe6a-8f3f-4a06-aa20-dbb71a0a4ccb,fddaf8e9-6acb-4f4d-9e99-d57f7fba847d,OCT,1600.00
3cef9a06-32af-42d6-bcdf-6472d1652ba5,f3d03987-2316-4698-b617-42e3083915ae,3523dbd3-f616-4c1d-9a52-db64d88e0b23,fddaf8e9-6acb-4f4d-9e99-d57f7fba847d,DIC/JUL,100.00
3e448b29-ba9d-4db3-a358-e80c31336d2e,dcc57b24-b9fc-421f-ab19-8d4657a735d5,ea4ba647-d045-4e06-ae83-397c1aa0fb8d,fddaf8e9-6acb-4f4d-9e99-d57f7fba847d,ENE,1500.00
3e5a2710-d44d-49a5-af37-f6080095219d,f75c7e01-114d-422d-b004-3ef3fe0f5f29,df9c3a2b-804a-47bc-9b11-eb45575dad16,fddaf8e9-6acb-4f4d-9e99-d57f7fba847d,MAY,1000.00
3ea93a64-6c63-4eed-bf3f-6a5ae2ec6031,ae98d2a3-878b-4c12-909f-dc5f1349c222,d8b23e94-04f7-4eed-9748-9c90f9758257,fddaf8e9-6acb-4f4d-9e99-d57f7fba847d,FEB,1200.00
3f19b4ca-fd60-4319-86a0-0e10d68f552a,576fdb21-5f5d-4a41-9cda-7136bdf8c804,e5a7742b-06e9-4add-a1c7-4049a93b2b75,fddaf8e9-6acb-4f4d-9e99-d57f7fba847d,MAR/AGO,1100.00
406f17bc-4638-4028-a81d-d3ad3483ba6f,f6a8c5a4-b7a0-4935-be7a-929ce89dd5bc,ae5f806a-46b0-4a53-8eb3-9a5dd3e9d0dd,fddaf8e9-6acb-4f4d-9e99-d57f7fba847d,OCT,1300.00
414c8255-1958-48ac-833c-5a6997f4482b,48e588ba-f40a-47be-bbc0-c259e715f28c,afa0658f-b7b9-4fb1-997b-0e0fcf93b4e1,fddaf8e9-6acb-4f4d-9e99-d57f7fba847d,ENE,1500.00
414fb788-05ee-4641-9465-05320a708b8f,ff3fd64b-8d8f-45d7-abb5-cd83c53da2c4,abea3641-4bdf-451a-8710-fa95ab34cab7,fddaf8e9-6acb-4f4d-9e99-d57f7fba847d,MAR/AGO,3200.00
42601c77-a1fc-40c6-99a0-e2f16881adbe,9e561635-ffe1-4956-be44-c66ed2fb185c,7babc8a8-10d3-41e2-bb40-868a18dc2300,fddaf8e9-6acb-4f4d-9e99-d57f7fba847d,OCT,400.00
429c3ae6-fb6e-4a4d-a498-7d53bf6d888e,05ccfec6-40a3-484e-8e23-6cbe9465cb1a,07d3c06f-1b7d-4925-b8d6-cfb887acabb6,fddaf8e9-6acb-4f4d-9e99-d57f7fba847d,SEP,1600.00
4322f2cf-275f-4e90-855d-278936a24483,a9483467-c687-455e-8d93-2feb46387290,5cb7777e-5664-4929-b875-cddff5a7c18c,fddaf8e9-6acb-4f4d-9e99-d57f7fba847d,MAR/AGO,1500.00
43abcfa7-aa09-4dfc-bb02-9b0f075a12fc,eed15229-7d52-4178-b1b1-9920dcf066ed,a8144361-4bce-487c-bc3a-949391e8d895,fddaf8e9-6acb-4f4d-9e99-d57f7fba847d,ABR,900.00
43ff19f3-5e5a-4635-be6c-ee67f69dce2b,aa0feeca-f732-4beb-a9bc-c0f5e6e9b9a0,2645afb7-c140-490c-b8db-c0dd4fbf6e11,fddaf8e9-6acb-4f4d-9e99-d57f7fba847d,ENE,1500.00
44755805-4c86-4bbb-8d95-8fe0496da874,edad5c8c-0494-4d9a-a47d-94948cd8ca78,40dc866f-fce4-4635-bf68-fa98f8b87c6e,fddaf8e9-6acb-4f4d-9e99-d57f7fba847d,DIC/JUL,1100.00
44845f1b-ba4a-4cb1-ad86-e1a740640e8d,8ecb208f-4771-4361-9537-e39d90578251,64b7b8c4-c418-4b27-8aa7-31c44d2850f4,fddaf8e9-6acb-4f4d-9e99-d57f7fba847d,OCT,1200.00
450865ce-6956-4fb8-b207-e09511a3eaed,107ca748-66c1-4034-887e-43c5cc6bf36f,a6b37970-a2fa-4a7b-8b11-d3e5151b40b3,fddaf8e9-6acb-4f4d-9e99-d57f7fba847d,MAR/AGO,1600.00
45163107-e74d-42c5-b0b0-22d0e9e32e96,aa69e6e2-5ac6-4a09-be11-4afc4eaaee44,6d484f92-07ed-4ef5-acde-ed43c7314527,fddaf8e9-6acb-4f4d-9e99-d57f7fba847d,SEP,1500.00
45270b30-55a1-48fe-b14e-e42affb98120,444b8622-47f1-4f08-abd5-141871ac0024,a8144361-4bce-487c-bc3a-949391e8d895,fddaf8e9-6acb-4f4d-9e99-d57f7fba847d,MAY,900.00
452c5772-7984-415a-94a3-8460fbe673ba,a39e9442-37fb-4a9a-84d0-83b964b7141d,4f28d56c-a1e3-4052-87a3-ecd1d9b0d5b6,fddaf8e9-6acb-4f4d-9e99-d57f7fba847d,OCT,1500.00
454f8c88-437f-4b5a-a8ed-652678fc157c,04e30d42-ee72-43a5-96cf-5a73a3db1f1a,2a01ea65-7487-4834-ab23-855018d8868e,fddaf8e9-6acb-4f4d-9e99-d57f7fba847d,OCT,1500.00
455c267f-6fdc-4806-9fe2-6bf427595eaf,29fd831d-bb2e-46d1-b732-ff3f337b9bf8,d08fe665-bb14-41a1-b1b8-902320280075,fddaf8e9-6acb-4f4d-9e99-d57f7fba847d,ENE,1600.00
49768384-df3f-4c70-9cb0-58510a795c76,c1cd11f1-12e7-460e-85cd-bc8dea332955,81db6f65-f0d0-45e2-93d7-8d0e5c3dc56a,fddaf8e9-6acb-4f4d-9e99-d57f7fba847d,ABR,1000.00
4a0f6842-2596-481c-91a9-c5d4f11a9596,565f6ba4-a899-434f-8ee9-24da6c601835,58676041-fe76-4791-9f8b-7bc1dad83cb8,fddaf8e9-6acb-4f4d-9e99-d57f7fba847d,SEP,1500.00
4a660022-5ec1-49e4-be18-0869df2a5262,40bc4118-491e-47c8-be3f-965f125bcc2a,3f6663d7-9b89-4ea2-9f06-5035caff6390,fddaf8e9-6acb-4f4d-9e99-d57f7fba847d,DIC/JUL,900.00
4b6d57a7-65e9-4436-b70a-73c6a2f38a12,a1b613cc-aa1b-487e-a5fd-7c5d7947d2ad,2fe35f28-fbab-491d-91b2-3d939e6b55bd,fddaf8e9-6acb-4f4d-9e99-d57f7fba847d,SEP,1500.00
4b9452d0-6b05-4ec0-83d7-fe048a091d5e,ffe4cb54-23a5-470a-a36f-df03ccc9c8d8,a8144361-4bce-487c-bc3a-949391e8d895,fddaf8e9-6acb-4f4d-9e99-d57f7fba847d,ENE,900.00
4bb9ded9-1153-4e55-a687-41e82f7f938c,e4245bf8-6b80-44d2-8f66-61da53409aa8,61ed3b0d-3542-46bc-a02d-4f73b36cffd3,fddaf8e9-6acb-4f4d-9e99-d57f7fba847d,FEB,1100.00
4c975471-e1e0-4021-b6ef-147d4b3c09c0,2831921c-bf50-41ff-a54c-22084bbb497f,5cb7777e-5664-4929-b875-cddff5a7c18c,fddaf8e9-6acb-4f4d-9e99-d57f7fba847d,FEB,1500.00
4d01e450-5910-4c3e-9bee-825a431f94fb,cd0738ff-7254-4a6f-9873-41b53a99fcff,2bc201a6-4c7f-402c-9ed1-a2310ae79d3c,fddaf8e9-6acb-4f4d-9e99-d57f7fba847d,JUN,1500.00
4d841ca5-6342-4551-8e19-9b35b211cca8,85d522b6-c2d1-47d5-86e0-03759f984d1f,edd2b7ac-5bca-4650-8c2e-75f65e70849f,fddaf8e9-6acb-4f4d-9e99-d57f7fba847d,ENE,1200.00
4e3f604a-fb3c-4e0c-8e88-fba3623139cd,3ce72c08-6222-411e-9921-8c0f03426387,2e6b93f5-df65-49fd-8c38-d2325e1f2a4f,fddaf8e9-6acb-4f4d-9e99-d57f7fba847d,DIC/JUL,900.00
4f2270da-f848-4854-83b8-6096097a517b,76b1e469-d4d2-4c70-9de4-47d0e6fb6724,ae5f806a-46b0-4a53-8eb3-9a5dd3e9d0dd,fddaf8e9-6acb-4f4d-9e99-d57f7fba847d,DIC/JUL,1300.00
4f28b837-b476-49df-b298-f29472e5a24a,03ff9a0a-174f-420c-a991-1d9c3caf87a0,562676d8-327a-4012-97e1-f0cfefc685b0,fddaf8e9-6acb-4f4d-9e99-d57f7fba847d,DIC/JUL,3000.00
4f60d59e-29fc-410b-a728-d4395c291a19,0597e040-8694-4ca5-8cdc-d3541e6dcf23,0a79ced7-bab3-44d8-89da-e166880163bd,fddaf8e9-6acb-4f4d-9e99-d57f7fba847d,JUN,900.00
4ff43585-0c6a-436e-bd71-8c591822cee5,e70b2cee-e950-48f5-b439-79a0f08c0edc,ae5f806a-46b0-4a53-8eb3-9a5dd3e9d0dd,fddaf8e9-6acb-4f4d-9e99-d57f7fba847d,SEP,1300.00
509dcab6-0ef3-4c53-8076-67f75677eb6c,784bbd62-bcf1-4720-8363-c164e3a07a1a,061d5f0c-2ec0-4698-a862-38cdd50d237d,fddaf8e9-6acb-4f4d-9e99-d57f7fba847d,ABR,1500.00
511ea10a-55b8-4f2c-845b-ee08eea9fb74,caf2abf0-b4fb-42f4-92cb-24e5b5a916f3,6d484f92-07ed-4ef5-acde-ed43c7314527,fddaf8e9-6acb-4f4d-9e99-d57f7fba847d,DIC/JUL,3000.00
511f8108-cc11-4b21-ba6d-22a2dc2a6ee0,f49c900b-f8b7-44c2-bc32-7afd0e524c0a,61ed3b0d-3542-46bc-a02d-4f73b36cffd3,fddaf8e9-6acb-4f4d-9e99-d57f7fba847d,ABR,1100.00
519bbe5f-d4d3-4979-a8bf-ecfac4bc700f,c0c2006d-5155-41c9-beb5-474358791493,afa0658f-b7b9-4fb1-997b-0e0fcf93b4e1,fddaf8e9-6acb-4f4d-9e99-d57f7fba847d,MAR/AGO,1500.00
524eb16c-1be3-4bf2-b9fa-728b0b1d4493,f0105736-1fcb-4c6b-a1e5-be66f84a1548,4f28d56c-a1e3-4052-87a3-ecd1d9b0d5b6,fddaf8e9-6acb-4f4d-9e99-d57f7fba847d,MAR/AGO,3000.00
52580a92-484b-48ab-860c-9e55ff406d11,1dbcc22a-78fd-47c5-a99e-6fa6e7035ebd,e2808836-b027-41af-8918-de113abd6e4a,fddaf8e9-6acb-4f4d-9e99-d57f7fba847d,FEB,1600.00
529afa05-3746-45ff-95ef-fa0395680179,e80053b4-2b92-488c-9bfd-6cfa67ea8a07,0e861609-c592-4713-bfad-a86c2f7d1c00,fddaf8e9-6acb-4f4d-9e99-d57f7fba847d,NOV,1600.00
52e1d23f-1ce9-49a7-b0f3-812db8df4e66,10d685fc-a749-4ead-9c2f-7657cf18aa62,6f2f8410-2704-4938-8538-21edb5b8221a,fddaf8e9-6acb-4f4d-9e99-d57f7fba847d,ABR,1000.00
53da1942-54a7-44c0-b547-2c8807d44516,e32b435c-6b71-4ac6-ab31-fdbe4b3acd4f,bfce22f5-d7f1-4b93-8fc1-eb5907831b0c,fddaf8e9-6acb-4f4d-9e99-d57f7fba847d,OCT,100.00
545bcc4b-1bcb-4541-be15-59a97a9f655b,00245035-6ff9-4022-acc9-a0af3fdd980d,69450844-df68-4eb9-a465-967c31417074,fddaf8e9-6acb-4f4d-9e99-d57f7fba847d,SEP,1600.00
548b73ec-6b06-4db9-8f37-17785e138cdd,49450b20-b183-47a6-b1ba-dc2baa69f59e,209dac48-1e05-4390-a5da-676e1ee3b311,fddaf8e9-6acb-4f4d-9e99-d57f7fba847d,OCT,1000.00
559373d4-9642-4f01-b4e2-58d2245d6cb9,18c4be44-c67f-49ce-8e3f-77a1610252b5,95149f3e-bf90-4279-8471-a562bd517960,fddaf8e9-6acb-4f4d-9e99-d57f7fba847d,DIC/JUL,1600.00
567e25c1-c6e6-4dcd-9446-0d4235093fc4,88bf752d-7c31-46f3-80d4-bd9d9b28d7b2,a8144361-4bce-487c-bc3a-949391e8d895,fddaf8e9-6acb-4f4d-9e99-d57f7fba847d,OCT,900.00
57582a7f-18ad-4ff7-b402-01039147e30f,efde2cfd-7d6f-452f-8bc7-fe8522dd7c95,c94e75bd-f940-4e2f-a9b3-2d1dc8ad0554,fddaf8e9-6acb-4f4d-9e99-d57f7fba847d,SEP,1500.00
57825d41-77b1-44b4-945c-6a37d7fa9161,a2dbeb21-5033-4729-860c-29cfe35e2cc0,4f28d56c-a1e3-4052-87a3-ecd1d9b0d5b6,fddaf8e9-6acb-4f4d-9e99-d57f7fba847d,SEP,1500.00
583ff43a-edfc-45c9-8108-a915bc5c53d7,9e30ea08-5f0f-400a-b21b-530730bf57f6,f55dbff7-6831-4d96-8262-f103ccf4bd43,fddaf8e9-6acb-4f4d-9e99-d57f7fba847d,MAR/AGO,2400.00
5880dd74-6ddd-46e3-9ef7-d20baaee5a72,7c688f9e-3674-43ae-9dd6-9c279cf8281a,2a01ea65-7487-4834-ab23-855018d8868e,fddaf8e9-6acb-4f4d-9e99-d57f7fba847d,JUN,1500.00
589f9c7d-872b-4d7a-bc52-fdfa648cfc11,754a36cd-b564-482f-bf7b-ac14c5b78358,6d484f92-07ed-4ef5-acde-ed43c7314527,fddaf8e9-6acb-4f4d-9e99-d57f7fba847d,NOV,1500.00
59192d95-2ef0-4816-92fc-ab67931370eb,f377214b-97b8-4863-a1b7-95340a01aa38,a289cbad-dbdb-4e9c-8afd-aeef6bbd7fcb,fddaf8e9-6acb-4f4d-9e99-d57f7fba847d,NOV,1400.00
59a20a01-9eff-40e7-9d8a-2b459471f304,5f5054a5-9efd-4d5a-bbb4-3f1848265cf3,edd2b7ac-5bca-4650-8c2e-75f65e70849f,fddaf8e9-6acb-4f4d-9e99-d57f7fba847d,MAY,200.00
59ccfd85-5ab1-4f99-89d3-480b9d8bc18a,a3f975a3-bb12-47fe-834c-0c409b033286,bcb7ffd8-0cfa-449a-88d5-626f505cb19c,fddaf8e9-6acb-4f4d-9e99-d57f7fba847d,FEB,1100.00
5a5f37e4-3f20-4fca-8281-31b3387d45c1,cf7ccfd7-d831-45ea-ae60-78eb33503b1c,2bc201a6-4c7f-402c-9ed1-a2310ae79d3c,fddaf8e9-6acb-4f4d-9e99-d57f7fba847d,ENE,1500.00
5a95436e-33d5-4b40-b90a-0bcd846e6a61,f7269542-3257-41f9-a992-c260c3627a5b,6d484f92-07ed-4ef5-acde-ed43c7314527,fddaf8e9-6acb-4f4d-9e99-d57f7fba847d,JUN,1500.00
5b22740b-b6d1-4bf0-a9f0-2caa8e3a0217,8c9b3b75-ddb8-42aa-bb91-35c2d3e179ef,533aa94a-8eb8-436d-82ac-cb0d104f816e,fddaf8e9-6acb-4f4d-9e99-d57f7fba847d,ENE,900.00
5b63cd02-8da6-4484-b131-e2043171a750,27e0e47c-2eb5-4697-9e20-d9b83d96a780,3f6663d7-9b89-4ea2-9f06-5035caff6390,fddaf8e9-6acb-4f4d-9e99-d57f7fba847d,NOV,900.00
5bdbaea3-f454-4031-8b43-738a1014e759,a057127c-e47c-4f45-a885-46437755420f,f425a981-e85a-4cb0-95a0-1de810c18a53,fddaf8e9-6acb-4f4d-9e99-d57f7fba847d,SEP,1000.00
5cc8c5e0-2ced-4de2-a20d-e5241d47275e,1d06b227-c62f-4ca1-bc96-c6399e94abba,6d484f92-07ed-4ef5-acde-ed43c7314527,fddaf8e9-6acb-4f4d-9e99-d57f7fba847d,MAR/AGO,3000.00
6083401a-2732-465f-8d97-dba96d8fd93e,fabd05e5-7680-487a-a067-e4b2498cc439,81db6f65-f0d0-45e2-93d7-8d0e5c3dc56a,fddaf8e9-6acb-4f4d-9e99-d57f7fba847d,MAR/AGO,1000.00
61166947-3e03-4ec3-8bf7-394b1687e37c,f0528e5a-e766-45f6-beef-d4f5b56a768a,2a01ea65-7487-4834-ab23-855018d8868e,fddaf8e9-6acb-4f4d-9e99-d57f7fba847d,NOV,1500.00
62644641-bc5c-47ba-8b73-395142439a92,32ceb015-547c-412b-85f3-4c079a66386f,64b7b8c4-c418-4b27-8aa7-31c44d2850f4,fddaf8e9-6acb-4f4d-9e99-d57f7fba847d,FEB,1200.00
62874bfe-c14f-4a84-9f2c-e1c2dd119519,b3eb9c57-f6b0-4301-aa1c-330ddc16f8ea,5b6f10bf-24ec-4e49-8839-dbf02ee4cd75,fddaf8e9-6acb-4f4d-9e99-d57f7fba847d,ENE,1500.00
62a4732b-7af3-43d1-a3f5-65307205268c,7b3280bd-f878-4c9f-a883-76a5e07d55f8,6539fe6a-8f3f-4a06-aa20-dbb71a0a4ccb,fddaf8e9-6acb-4f4d-9e99-d57f7fba847d,MAR/AGO,3200.00
62bfd40b-3df5-49f8-8289-d15cfe46dfe1,08b922a5-0b81-4bae-896b-beab5e210359,fa437269-6375-40e4-87dc-f133c454a67b,fddaf8e9-6acb-4f4d-9e99-d57f7fba847d,NOV,900.00
62c8f17d-16da-4962-929b-1ad5f409d503,e3149309-7e41-4846-b754-e686421fb101,e2808836-b027-41af-8918-de113abd6e4a,fddaf8e9-6acb-4f4d-9e99-d57f7fba847d,OCT,1600.00
632822ba-3d7a-4aa4-98ff-a6e41043c3c6,9ac29776-2dcf-4516-ad61-3eb14e16f414,a289cbad-dbdb-4e9c-8afd-aeef6bbd7fcb,fddaf8e9-6acb-4f4d-9e99-d57f7fba847d,MAR/AGO,1400.00
63699896-8d11-498b-bb30-fcfd8951167e,a37fdd33-2afc-4b20-824d-3304b6192ca4,d8b23e94-04f7-4eed-9748-9c90f9758257,fddaf8e9-6acb-4f4d-9e99-d57f7fba847d,DIC/JUL,1200.00
64945fb6-7b37-48b9-b8c5-395df84322b2,7dd65bfb-d940-423a-9cd5-bab92dfcf533,edd2b7ac-5bca-4650-8c2e-75f65e70849f,fddaf8e9-6acb-4f4d-9e99-d57f7fba847d,JUN,1200.00
64e682f9-067e-4c0e-a017-03885e99fe29,166e8342-8cb1-409e-bc84-735bee4d1578,3f6663d7-9b89-4ea2-9f06-5035caff6390,fddaf8e9-6acb-4f4d-9e99-d57f7fba847d,SEP,900.00
64fdd416-e9ca-40a6-b70f-196181f49a9c,12a7c627-78fe-4dde-8539-f9ca3d19eb44,fa437269-6375-40e4-87dc-f133c454a67b,fddaf8e9-6acb-4f4d-9e99-d57f7fba847d,MAR/AGO,1800.00
655035c0-59d6-4105-a610-a94ba10bcd1b,55e3e505-c2d4-4556-a121-a892dc237616,2645afb7-c140-490c-b8db-c0dd4fbf6e11,fddaf8e9-6acb-4f4d-9e99-d57f7fba847d,ABR,1500.00
6597cc52-5655-48f0-b131-cfd1396e7a1e,81bdd5c0-af83-463c-8c48-5ea7483c6d80,845acc82-5357-4263-a24c-e03f7ea60a49,fddaf8e9-6acb-4f4d-9e99-d57f7fba847d,FEB,900.00
65a5dc61-3351-43f5-bf1d-07c8f240a936,a1cd904b-4c4a-4e0b-a38e-3d27bd39a79e,0a79ced7-bab3-44d8-89da-e166880163bd,fddaf8e9-6acb-4f4d-9e99-d57f7fba847d,NOV,900.00
65e57a5e-7883-4299-ba65-edfc339558c8,c8477740-7d49-4f92-928a-350237c99d41,df9c3a2b-804a-47bc-9b11-eb45575dad16,fddaf8e9-6acb-4f4d-9e99-d57f7fba847d,NOV,200.00
6777f331-9b11-4e32-9ebd-6ae88802643e,75ac3de1-25e9-4dc4-83b0-482efa72a604,d81e498e-7690-4676-9957-8b832ccf8ea0,fddaf8e9-6acb-4f4d-9e99-d57f7fba847d,SEP,450.00
681241c8-e5c6-415d-83b3-8b600ad303cf,8b2261e4-4d94-4954-a588-3ff60006d27e,6a9b25d0-e6e4-4cf2-94ef-4ba0a59c5b2d,fddaf8e9-6acb-4f4d-9e99-d57f7fba847d,MAR/AGO,1000.00
682b58ac-50e1-4d36-9b89-09fd37758b6c,e301a4ac-4181-4055-91cc-276aac7f987b,afa0658f-b7b9-4fb1-997b-0e0fcf93b4e1,fddaf8e9-6acb-4f4d-9e99-d57f7fba847d,SEP,1500.00
68515bdd-c4bd-4b35-9990-08284a0264ad,bcc3d777-401a-4591-87ee-65996851b5c6,a8144361-4bce-487c-bc3a-949391e8d895,fddaf8e9-6acb-4f4d-9e99-d57f7fba847d,MAR/AGO,1800.00
6958ae05-d27b-44af-8624-66b32209515a,bb2a0bf6-8463-4404-9e04-dbcf653a42db,a8144361-4bce-487c-bc3a-949391e8d895,fddaf8e9-6acb-4f4d-9e99-d57f7fba847d,DIC/JUL,1800.00
69ec699a-640c-4731-8eb4-214d75a1980e,3824d5d2-992d-4d56-8548-963a1fa891a3,7babc8a8-10d3-41e2-bb40-868a18dc2300,fddaf8e9-6acb-4f4d-9e99-d57f7fba847d,NOV,800.00
6a4c9704-156e-4e57-988d-6c869bbd78c2,676c8117-68c5-4704-8bff-446e8b09b4c7,e5a7742b-06e9-4add-a1c7-4049a93b2b75,fddaf8e9-6acb-4f4d-9e99-d57f7fba847d,DIC/JUL,1100.00
6a70cdf3-daf5-409b-8956-bf1c2961f17c,5cf4d47c-667f-4046-877d-45a95b240978,e5a7742b-06e9-4add-a1c7-4049a93b2b75,fddaf8e9-6acb-4f4d-9e99-d57f7fba847d,MAR/AGO,1100.00
6b966091-292d-474c-a151-d9e2330fefe7,ec28207e-e866-45fe-8b49-369879314e4a,02b5e8d1-89fb-4a1d-a9d3-58817df86b24,fddaf8e9-6acb-4f4d-9e99-d57f7fba847d,MAR/AGO,1600.00
6be80e37-2d15-4e4b-a2b4-02e9a1689c36,a1dfee84-adff-4c58-b15a-d17268a20ac9,69450844-df68-4eb9-a465-967c31417074,fddaf8e9-6acb-4f4d-9e99-d57f7fba847d,FEB,1600.00
6bf0f5b9-b959-456b-b08b-28198466fa3d,12248596-aad0-4f0b-93cd-ddc503e73572,a8144361-4bce-487c-bc3a-949391e8d895,fddaf8e9-6acb-4f4d-9e99-d57f7fba847d,JUN,900.00
6cc77422-fb12-4d96-9607-63236c1efb36,18aa3cbc-9cae-4b93-8945-a2644871cee3,0e861609-c592-4713-bfad-a86c2f7d1c00,fddaf8e9-6acb-4f4d-9e99-d57f7fba847d,MAR/AGO,2300.00
6cfa376e-4621-40f0-9ec0-ce852de37dd4,2e41b462-d023-43f7-9254-9a7dd5a68c34,2fe35f28-fbab-491d-91b2-3d939e6b55bd,fddaf8e9-6acb-4f4d-9e99-d57f7fba847d,OCT,1500.00
6d352d43-5857-42d4-96f2-b6a45d434d38,8f461cbc-213c-435d-83d0-937f7271ffc1,f5bb300e-d8ed-4cca-b176-cb11e46338bd,fddaf8e9-6acb-4f4d-9e99-d57f7fba847d,FEB,1400.00
6d5e5e7e-b5d8-478b-8dfb-496de7a9953a,c025536c-4ee7-45a8-85dd-3b354a60537a,5b6f10bf-24ec-4e49-8839-dbf02ee4cd75,fddaf8e9-6acb-4f4d-9e99-d57f7fba847d,NOV,1500.00
6da09562-b424-4f59-a838-1bc16f6ef952,1ec101c5-9e6a-470e-8000-ff7a46942456,6f2f8410-2704-4938-8538-21edb5b8221a,fddaf8e9-6acb-4f4d-9e99-d57f7fba847d,OCT,1000.00
6e0aa38e-289a-4d6e-9842-6b8b82087667,c0a3147b-ffd1-4c72-851b-047294ab746e,562676d8-327a-4012-97e1-f0cfefc685b0,fddaf8e9-6acb-4f4d-9e99-d57f7fba847d,ABR,1500.00
6e3496f5-b89d-4006-8f63-caa99d255e3a,4e872a54-d171-4b2e-af2d-d519f946fd18,0e861609-c592-4713-bfad-a86c2f7d1c00,fddaf8e9-6acb-4f4d-9e99-d57f7fba847d,ABR,700.00
6e729163-e6e6-4b40-8b8d-e54fe113bf3b,c275e866-a24f-4ee9-9155-8aec3ea76be9,2e6b93f5-df65-49fd-8c38-d2325e1f2a4f,fddaf8e9-6acb-4f4d-9e99-d57f7fba847d,MAR/AGO,900.00
6e7f703d-3df6-45c7-b2dd-cb961ecaa59d,3d043303-f173-4776-be7c-9411c0089563,fdee6234-bf6d-4d45-bbd4-731a1c453987,fddaf8e9-6acb-4f4d-9e99-d57f7fba847d,DIC/JUL,850.00
6e9beb6e-b7bd-46d4-b0f1-fa6b15cb72ef,75ac3de1-25e9-4dc4-83b0-482efa72a604,d81e498e-7690-4676-9957-8b832ccf8ea0,fddaf8e9-6acb-4f4d-9e99-d57f7fba847d,OCT,50.00
6ebc41ff-0cb4-46db-84db-e47f2e6acea3,07b33e9e-44c4-40bc-86a4-fc0a81937fe0,fdee6234-bf6d-4d45-bbd4-731a1c453987,fddaf8e9-6acb-4f4d-9e99-d57f7fba847d,MAR/AGO,1900.00
6ee6cab0-d39f-4a05-8840-655163b4f68d,843b7180-66be-4638-9863-9d2225db7c36,2e6b93f5-df65-49fd-8c38-d2325e1f2a4f,fddaf8e9-6acb-4f4d-9e99-d57f7fba847d,DIC/JUL,900.00
6fe3f155-3d44-4323-a918-60f40f5de9e2,29a0fd9c-4b1e-439d-b7fa-7ae4a9dab5fe,5af22e45-f9f7-4577-b07b-7ce4a7940329,fddaf8e9-6acb-4f4d-9e99-d57f7fba847d,SEP,1500.00
7034395b-f762-48e4-82d3-ae9fcaf13cc2,a77b1335-c6a7-4c8d-9834-8bc74d734c7e,df9c3a2b-804a-47bc-9b11-eb45575dad16,fddaf8e9-6acb-4f4d-9e99-d57f7fba847d,DIC/JUL,2400.00
707efb4d-266c-464c-a8c4-f3a7effa4127,412b9737-d258-4165-9999-9a2c090b57ec,d08fe665-bb14-41a1-b1b8-902320280075,fddaf8e9-6acb-4f4d-9e99-d57f7fba847d,DIC/JUL,3200.00
7166a307-8728-468f-886c-ecad7bde80e1,eb02d2fc-8323-4679-ba23-2de75601dc75,edd2b7ac-5bca-4650-8c2e-75f65e70849f,fddaf8e9-6acb-4f4d-9e99-d57f7fba847d,ABR,1200.00
71b645f8-0534-4b0b-8be1-c3b838655a6e,14e4217c-30eb-4b75-b6d0-263799ecdac3,abea3641-4bdf-451a-8710-fa95ab34cab7,fddaf8e9-6acb-4f4d-9e99-d57f7fba847d,OCT,1600.00
71cca016-7b1d-4607-bcb9-5d848b541157,8838b98e-1369-48a7-8845-430aece3bb30,c94e75bd-f940-4e2f-a9b3-2d1dc8ad0554,fddaf8e9-6acb-4f4d-9e99-d57f7fba847d,MAY,1500.00
72300708-7fdd-4901-b7ea-efaaf0e0b019,b943106c-d45f-4a4b-a2cb-14eb7ba575e8,e57db8cf-8012-4fa3-b822-41d98008dc00,fddaf8e9-6acb-4f4d-9e99-d57f7fba847d,DIC/JUL,3000.00
7235e04a-5068-42e4-9ffd-12013ef5faf6,5a496f86-8d1f-4304-85b7-266277bea0a6,3523dbd3-f616-4c1d-9a52-db64d88e0b23,fddaf8e9-6acb-4f4d-9e99-d57f7fba847d,SEP,1400.00
729c7bdb-ba4d-4426-9ce5-e1929bccf1c1,39277f76-d8ed-44c2-b264-74b62b4deaca,1e3beb16-3079-4aaa-93fc-a0203720434d,fddaf8e9-6acb-4f4d-9e99-d57f7fba847d,OCT,1600.00
7313d9bb-b378-4d8b-af12-253dfc14f20c,85deddbe-4cca-4948-90a3-07b8da2431cb,a4c9cada-bb7c-4116-8091-8b3e944aba30,fddaf8e9-6acb-4f4d-9e99-d57f7fba847d,DIC/JUL,1000.00
73cc1dae-dfa3-49d0-adec-c224e7faba51,fd14ccc6-714c-406f-a718-630dbe0152f1,ea4ba647-d045-4e06-ae83-397c1aa0fb8d,fddaf8e9-6acb-4f4d-9e99-d57f7fba847d,OCT,1500.00
740a058c-144d-490a-845c-4ec7825b27ef,9d44c2e6-6a63-45d2-b1b5-ce0addc6b812,69450844-df68-4eb9-a465-967c31417074,fddaf8e9-6acb-4f4d-9e99-d57f7fba847d,ABR,1600.00
7438423b-01a0-4d11-a745-0234dd668874,6d473821-4889-4649-bc72-fa55c05bf1ab,6f2f8410-2704-4938-8538-21edb5b8221a,fddaf8e9-6acb-4f4d-9e99-d57f7fba847d,FEB,1000.00
744d2290-88c2-449d-91ed-412181c7de6a,8ec1768c-9caa-4704-be45-f0f5942e23fb,209dac48-1e05-4390-a5da-676e1ee3b311,fddaf8e9-6acb-4f4d-9e99-d57f7fba847d,NOV,1000.00
74a8c898-9ad7-4ce1-ad07-27609c7643a8,b329c587-d382-453e-ac1b-7bf8d8a7d821,2e6b93f5-df65-49fd-8c38-d2325e1f2a4f,fddaf8e9-6acb-4f4d-9e99-d57f7fba847d,OCT,900.00
7557de0a-0e27-4b00-8cc7-aa7a93d36e83,72100520-2eed-4b7d-ac14-46b0b6065404,6a9b25d0-e6e4-4cf2-94ef-4ba0a59c5b2d,fddaf8e9-6acb-4f4d-9e99-d57f7fba847d,DIC/JUL,1000.00
75d66d61-f316-42fb-ad14-ece2aa43a83b,f9d0e816-ffcb-46a2-b1ab-36b8ee43c239,5cb7777e-5664-4929-b875-cddff5a7c18c,fddaf8e9-6acb-4f4d-9e99-d57f7fba847d,DIC/JUL,3000.00
761fc232-d85a-4dfe-ab81-b57c25b5907f,32ceb015-547c-412b-85f3-4c079a66386f,64b7b8c4-c418-4b27-8aa7-31c44d2850f4,fddaf8e9-6acb-4f4d-9e99-d57f7fba847d,ENE,1200.00
76fd7e1b-190d-49a7-821b-32bef27e933e,51af6098-dd66-42e7-92b9-6e5dbcef2605,3f41b6c5-35cb-41d3-a974-762ad0f1c7f3,fddaf8e9-6acb-4f4d-9e99-d57f7fba847d,OCT,1600.00
772d5c89-30d2-4365-be82-2ff85017c672,9fe16eef-fd40-4c0d-84f5-72f6fda955f1,a289cbad-dbdb-4e9c-8afd-aeef6bbd7fcb,fddaf8e9-6acb-4f4d-9e99-d57f7fba847d,MAR/AGO,1400.00
773408a1-8a99-4fb2-8b57-13e0d5c0fc55,2b46e892-d375-46b1-99ed-6a5ca37368d8,c94e75bd-f940-4e2f-a9b3-2d1dc8ad0554,fddaf8e9-6acb-4f4d-9e99-d57f7fba847d,DIC/JUL,3000.00
77470eec-5cc4-402f-af74-237abce3db39,b354bde7-1f04-4334-bdf0-c84784142e40,4f28d56c-a1e3-4052-87a3-ecd1d9b0d5b6,fddaf8e9-6acb-4f4d-9e99-d57f7fba847d,ENE,1500.00
77552c47-55f4-4cef-9fd1-301f55afd616,227ab86f-4b01-425b-95c1-318b0d2f2c63,fa437269-6375-40e4-87dc-f133c454a67b,fddaf8e9-6acb-4f4d-9e99-d57f7fba847d,ENE,900.00
77753859-2acd-480e-826f-ff03401e4c29,16e398a9-32d8-4639-8c35-f602cf5212b8,533aa94a-8eb8-436d-82ac-cb0d104f816e,fddaf8e9-6acb-4f4d-9e99-d57f7fba847d,FEB,900.00
786530a5-7371-4cd8-965c-6dddde47bf12,6916d287-6bc2-4b4d-9387-703900d6a596,0a79ced7-bab3-44d8-89da-e166880163bd,fddaf8e9-6acb-4f4d-9e99-d57f7fba847d,MAY,900.00
788f3ad1-7309-49f9-806d-398a04b6abac,ec7a0b67-72a7-4516-be99-95f7f51891be,f0fe1f2d-d8f7-4f5d-b713-d15b3cc1f577,fddaf8e9-6acb-4f4d-9e99-d57f7fba847d,SEP,1100.00
78c90b12-7d15-4467-9ceb-a6b790a6b7c4,94e3c0cd-6163-438a-9a9d-2e44945385a6,5b6f10bf-24ec-4e49-8839-dbf02ee4cd75,fddaf8e9-6acb-4f4d-9e99-d57f7fba847d,OCT,1500.00
79538ac9-a4b7-4b94-a685-c2fd4abd2c60,3f84fefa-5a10-4403-be9f-3c352b5cbab8,00fca4aa-70ed-464e-822f-6272cba1d93e,fddaf8e9-6acb-4f4d-9e99-d57f7fba847d,OCT,1400.00
795a7a32-09b1-4cae-91de-8552a4fdc64d,2e00016e-619f-45fb-99f2-d24aba77a74b,5cb7777e-5664-4929-b875-cddff5a7c18c,fddaf8e9-6acb-4f4d-9e99-d57f7fba847d,NOV,1500.00
795c590d-c912-4040-925f-3f95404c0bd1,f63e05c7-e7a1-4c5c-952d-aaa533077717,95149f3e-bf90-4279-8471-a562bd517960,fddaf8e9-6acb-4f4d-9e99-d57f7fba847d,DIC/JUL,1600.00
79d8565a-3527-48b3-90c0-a64ad3445bdb,1c71386b-6578-4cf4-bab1-050b7f009a96,81db6f65-f0d0-45e2-93d7-8d0e5c3dc56a,fddaf8e9-6acb-4f4d-9e99-d57f7fba847d,DIC/JUL,1000.00
7a03f2a4-2008-47bd-b24b-f79b6b579255,cd6ba61b-ae0c-4f52-921b-e14d46526b9b,2bc201a6-4c7f-402c-9ed1-a2310ae79d3c,fddaf8e9-6acb-4f4d-9e99-d57f7fba847d,NOV,1500.00
7a3b2a2b-4654-4a7a-9dc5-5e660439e234,34890838-db74-48cf-9af2-39795ee16127,3523dbd3-f616-4c1d-9a52-db64d88e0b23,fddaf8e9-6acb-4f4d-9e99-d57f7fba847d,DIC/JUL,1300.00
7a5f7e5d-4bdd-4b3f-b3d1-009ab3dc1e63,2819c254-320a-4747-b8e9-67a948660179,02b5e8d1-89fb-4a1d-a9d3-58817df86b24,fddaf8e9-6acb-4f4d-9e99-d57f7fba847d,ABR,1600.00
7b73e9c9-8332-4c1b-be17-773360e8e49e,476357e3-cf21-48b6-a209-79f8314ce7de,e5a7742b-06e9-4add-a1c7-4049a93b2b75,fddaf8e9-6acb-4f4d-9e99-d57f7fba847d,DIC/JUL,1100.00
7b74f05f-5ae8-43f6-827d-b0b5b92df3dc,f7eddae6-6b1e-420d-8b9f-149d656ff8e2,edd2b7ac-5bca-4650-8c2e-75f65e70849f,fddaf8e9-6acb-4f4d-9e99-d57f7fba847d,SEP,1200.00
7bb7bfce-db65-4abc-b62a-f8c4952d1b7b,70a5873c-197a-4684-843e-77a1ad93402b,a6b37970-a2fa-4a7b-8b11-d3e5151b40b3,fddaf8e9-6acb-4f4d-9e99-d57f7fba847d,ABR,1600.00
7c7a56a1-daf8-4b1d-8c5b-c447642e1754,0a1a6a5d-e11e-4b3c-86e6-481cdea02a3c,abea3641-4bdf-451a-8710-fa95ab34cab7,fddaf8e9-6acb-4f4d-9e99-d57f7fba847d,DIC/JUL,1600.00
7d0f6edc-620d-4114-b8b3-39078223f63a,9935d731-06bf-4825-89c9-3c5d0c4a3b70,a4c9cada-bb7c-4116-8091-8b3e944aba30,fddaf8e9-6acb-4f4d-9e99-d57f7fba847d,FEB,1000.00
7dafff31-3cc3-41d8-9f48-24997f7afeb0,5ca4ab2a-6d67-4efb-86e4-d6da9a817baf,7392fe19-c6bd-489a-9cf5-3f6861139603,fddaf8e9-6acb-4f4d-9e99-d57f7fba847d,ABR,1300.00
7de7cb45-16af-41d1-9bed-3423b959b0a2,ebff7255-bfb2-4958-97e9-e41b749d2e36,df9c3a2b-804a-47bc-9b11-eb45575dad16,fddaf8e9-6acb-4f4d-9e99-d57f7fba847d,FEB,1200.00
7e682b4d-e0dd-4562-8818-6c5565ab655b,5be49ba7-256f-4121-8ced-93eceb37e242,05ea74c3-0d10-4956-90f5-22e05c155e58,fddaf8e9-6acb-4f4d-9e99-d57f7fba847d,SEP,1600.00
7ec11d60-c9e9-48f4-bfed-3cf59c1d8663,c30e0b5d-9f87-427e-a0a8-5d187dae92cd,81db6f65-f0d0-45e2-93d7-8d0e5c3dc56a,fddaf8e9-6acb-4f4d-9e99-d57f7fba847d,SEP,1000.00
7f5b7f1e-5cf8-4441-842e-86e129c96d1b,2dec4e38-49df-4a28-96b9-df8eb194e409,2e6b93f5-df65-49fd-8c38-d2325e1f2a4f,fddaf8e9-6acb-4f4d-9e99-d57f7fba847d,ENE,900.00
7f874706-4a7a-4ddf-8f79-9db51adb26fe,c072b3cf-74cb-47fa-9422-97fba985dce2,ea4ba647-d045-4e06-ae83-397c1aa0fb8d,fddaf8e9-6acb-4f4d-9e99-d57f7fba847d,ABR,1500.00
7fa3fae7-4357-43eb-9373-c4f9a78eb3fd,6933ee78-4330-4e9b-b3fe-9a74c7cfdc8e,edd2b7ac-5bca-4650-8c2e-75f65e70849f,fddaf8e9-6acb-4f4d-9e99-d57f7fba847d,MAY,1000.00
80843e88-4c54-4a81-b8c0-6bf9ba07f852,7a1dc7d1-0bf7-44f2-beb1-c453a4650e41,533aa94a-8eb8-436d-82ac-cb0d104f816e,fddaf8e9-6acb-4f4d-9e99-d57f7fba847d,JUN,900.00
8090b873-877e-44bb-bc45-48f14ed475c5,ecd8be43-1989-4f30-963a-8ee2b6f25395,f55dbff7-6831-4d96-8262-f103ccf4bd43,fddaf8e9-6acb-4f4d-9e99-d57f7fba847d,DIC/JUL,1200.00
816803bc-667d-4112-bed9-460933180b83,c1ed75cf-64b3-41e0-9192-c36d05aa17cf,f5bb300e-d8ed-4cca-b176-cb11e46338bd,fddaf8e9-6acb-4f4d-9e99-d57f7fba847d,JUN,1400.00
8177f8ca-46b7-43eb-b38a-4638da901c06,dc1c2396-e6e5-49b1-9c5d-ae2def208451,2a01ea65-7487-4834-ab23-855018d8868e,fddaf8e9-6acb-4f4d-9e99-d57f7fba847d,ENE,1500.00
81a68555-b7c6-462a-92a9-3645dadae14c,f139aaa0-b214-4326-85c4-a8e888401998,209dac48-1e05-4390-a5da-676e1ee3b311,fddaf8e9-6acb-4f4d-9e99-d57f7fba847d,MAR/AGO,1000.00
81c1d748-4a62-402f-a904-e033e3515d5c,76b1e469-d4d2-4c70-9de4-47d0e6fb6724,ae5f806a-46b0-4a53-8eb3-9a5dd3e9d0dd,fddaf8e9-6acb-4f4d-9e99-d57f7fba847d,NOV,1300.00
81cc4993-7826-488f-b099-f0b7c9e29cbf,f23c3131-342c-4921-9f4d-6827ef0fe8d5,abea3641-4bdf-451a-8710-fa95ab34cab7,fddaf8e9-6acb-4f4d-9e99-d57f7fba847d,NOV,1600.00
823d2ec0-b09e-452b-b29d-8743395ae688,15f766a8-4007-4620-aa5d-358d2c778a70,5af22e45-f9f7-4577-b07b-7ce4a7940329,fddaf8e9-6acb-4f4d-9e99-d57f7fba847d,ENE,1500.00
82ad90f7-a53c-448d-863d-47cb66269e85,3c8018f4-b870-44ec-bd73-2214ccbdd5c4,5b6f10bf-24ec-4e49-8839-dbf02ee4cd75,fddaf8e9-6acb-4f4d-9e99-d57f7fba847d,MAR/AGO,3000.00
832eacb5-79a4-4684-abea-b78455c8c7fb,246dc099-1d40-4922-bbbd-a75ed1546703,a71be5b5-f484-434a-912c-d679234166b5,fddaf8e9-6acb-4f4d-9e99-d57f7fba847d,SEP,1600.00
8364d2c4-577f-48f9-9b7a-97a1e3d3d9e7,e634a77e-ac8e-4042-bbc5-e57817e03e23,317e5fd7-d8e6-4476-b348-a0a726649924,fddaf8e9-6acb-4f4d-9e99-d57f7fba847d,OCT,50.00
840ad01f-b9eb-496e-a1aa-03cfbc97df9a,fa9068d7-8485-4302-9fa3-e934fca512f4,ea4ba647-d045-4e06-ae83-397c1aa0fb8d,fddaf8e9-6acb-4f4d-9e99-d57f7fba847d,NOV,1500.00
84913f42-2f34-4162-b6e3-afa5e3f177a9,9e561635-ffe1-4956-be44-c66ed2fb185c,7babc8a8-10d3-41e2-bb40-868a18dc2300,fddaf8e9-6acb-4f4d-9e99-d57f7fba847d,SEP,1600.00
851da49b-74ce-4fe4-ba37-6fde79f50622,c9adc7e2-70a3-44b0-80a9-8a2c64f608df,f618e808-f64d-40f7-ac44-d3b6ddc0f0a7,fddaf8e9-6acb-4f4d-9e99-d57f7fba847d,MAY,1500.00
85757e0d-ca2b-463d-8bed-b429b03ee1fd,9a31a17d-329b-48a5-97a0-6e89e1b22312,0489bdaf-c632-4a1f-9b8e-85dba33a74b0,fddaf8e9-6acb-4f4d-9e99-d57f7fba847d,SEP,1100.00
862e8567-6af4-4163-aa4e-b267311206e2,9c99cc22-4220-4a23-a8c6-91c54635fefe,d8b23e94-04f7-4eed-9748-9c90f9758257,fddaf8e9-6acb-4f4d-9e99-d57f7fba847d,DIC/JUL,1200.00
86320e41-3255-4622-a12c-a3ebb048faa3,797f3b6f-3697-4615-8270-204079bd9cb2,18f8e872-a787-4eef-953c-1c326065039e,fddaf8e9-6acb-4f4d-9e99-d57f7fba847d,ENE,1000.00
867c8a63-36b6-43cb-9b14-9ac7eacc8fe3,11f7ef3f-8284-45f8-88d5-77171a4be071,40dc866f-fce4-4635-bf68-fa98f8b87c6e,fddaf8e9-6acb-4f4d-9e99-d57f7fba847d,OCT,1100.00
86a51843-19e9-4c5e-ba68-9f7e6367d48a,569a9b6c-1d47-4888-9fd6-6d42b363a69b,61ed3b0d-3542-46bc-a02d-4f73b36cffd3,fddaf8e9-6acb-4f4d-9e99-d57f7fba847d,MAR/AGO,1100.00
86bb1b3f-befc-45f8-b859-c4cbcb2cf989,8b963cdb-11d9-495e-8f6c-d3a21b0defc3,2645afb7-c140-490c-b8db-c0dd4fbf6e11,fddaf8e9-6acb-4f4d-9e99-d57f7fba847d,DIC/JUL,3000.00
8779c663-7e7c-48a0-bd70-fd71123dcddc,71232767-c8bb-406f-b50b-7a4f4df588ce,2a0d752a-79d5-4658-bf0d-64b137383ac6,fddaf8e9-6acb-4f4d-9e99-d57f7fba847d,JUN,900.00
878ef368-2046-4397-b926-f62c26ab8317,85d46cd8-2481-44c4-8d59-7e16b518979a,00fca4aa-70ed-464e-822f-6272cba1d93e,fddaf8e9-6acb-4f4d-9e99-d57f7fba847d,NOV,1400.00
87e70063-4771-458c-9282-3d2157aa7c1c,f6842a0d-2566-4cc7-9fbc-41a2f287f397,95149f3e-bf90-4279-8471-a562bd517960,fddaf8e9-6acb-4f4d-9e99-d57f7fba847d,NOV,1600.00
885a05fc-c8c6-4c6c-90ce-800e4954778f,ab781508-19ec-4efe-a571-28152b6a5c4f,f618e808-f64d-40f7-ac44-d3b6ddc0f0a7,fddaf8e9-6acb-4f4d-9e99-d57f7fba847d,NOV,1500.00
8864c930-0e2d-45b2-9695-b9d8fa0dad36,51af6098-dd66-42e7-92b9-6e5dbcef2605,3f41b6c5-35cb-41d3-a974-762ad0f1c7f3,fddaf8e9-6acb-4f4d-9e99-d57f7fba847d,SEP,1600.00
88976109-5b9c-46fd-a706-1b8de5b983d0,8838b98e-1369-48a7-8845-430aece3bb30,c94e75bd-f940-4e2f-a9b3-2d1dc8ad0554,fddaf8e9-6acb-4f4d-9e99-d57f7fba847d,ABR,1500.00
89639927-f759-45d2-b589-6d37b71b41f2,2b46e892-d375-46b1-99ed-6a5ca37368d8,c94e75bd-f940-4e2f-a9b3-2d1dc8ad0554,fddaf8e9-6acb-4f4d-9e99-d57f7fba847d,NOV,1500.00
8985575e-ee19-4bae-9f33-46f8e52416ba,4cfcd5ad-0064-4a3f-90c9-ba813a035f20,5cb7777e-5664-4929-b875-cddff5a7c18c,fddaf8e9-6acb-4f4d-9e99-d57f7fba847d,MAY,1500.00
8999d9d9-e908-413f-acc3-faee60d31a71,2ddced2d-31a9-4373-ab17-daa3a8ec7d1e,562676d8-327a-4012-97e1-f0cfefc685b0,fddaf8e9-6acb-4f4d-9e99-d57f7fba847d,OCT,1100.00
89bfcbee-cbe3-4647-bb37-f408e9643337,974e5d1a-a8b2-4bca-89fe-05149a25dcf4,edd2b7ac-5bca-4650-8c2e-75f65e70849f,fddaf8e9-6acb-4f4d-9e99-d57f7fba847d,NOV,1200.00
8a12527d-dacd-4b4f-ab90-6930cced1fd2,a4365856-d5ca-4ce5-b36b-3d7b7f8347b9,a6b37970-a2fa-4a7b-8b11-d3e5151b40b3,fddaf8e9-6acb-4f4d-9e99-d57f7fba847d,ENE,1600.00
8a35bb7c-d573-4144-b39d-c6e314869510,df2f15d2-2a5c-47a9-aa5e-14a332fb7ec4,3f6663d7-9b89-4ea2-9f06-5035caff6390,fddaf8e9-6acb-4f4d-9e99-d57f7fba847d,FEB,900.00
8a9feaf3-7b0b-496b-b348-8599031e2196,0815afc7-b2d1-4ee1-874e-f938e759e4af,edd2b7ac-5bca-4650-8c2e-75f65e70849f,fddaf8e9-6acb-4f4d-9e99-d57f7fba847d,MAR/AGO,2400.00
8ad29a58-b109-4319-ad6d-e9555361c223,2d444cff-99a0-44c5-a2e3-6f864cd9ea9e,f0fe1f2d-d8f7-4f5d-b713-d15b3cc1f577,fddaf8e9-6acb-4f4d-9e99-d57f7fba847d,DIC/JUL,1100.00
8af1382f-1fd5-441e-bed4-ca13f25e783f,9e30ea08-5f0f-400a-b21b-530730bf57f6,f55dbff7-6831-4d96-8262-f103ccf4bd43,fddaf8e9-6acb-4f4d-9e99-d57f7fba847d,FEB,1200.00
8b5f81b5-0ca0-4990-be74-68acf75ef624,8a8bd0bf-fe3a-43e8-9a44-5b4eddf75472,afa0658f-b7b9-4fb1-997b-0e0fcf93b4e1,fddaf8e9-6acb-4f4d-9e99-d57f7fba847d,OCT,1500.00
8b701152-ac10-4f85-a451-3a1fa9463a04,72950048-7e6f-4ac7-aab6-feec39467265,a8144361-4bce-487c-bc3a-949391e8d895,fddaf8e9-6acb-4f4d-9e99-d57f7fba847d,FEB,900.00
8b75e6fb-b564-47c6-bec3-944e49a43894,2fdc2cf9-4e33-448c-b9ff-8943b3ecaf98,fdee6234-bf6d-4d45-bbd4-731a1c453987,fddaf8e9-6acb-4f4d-9e99-d57f7fba847d,JUN,950.00
8bdebf6b-abc3-4246-8d88-e213fe7a3bf2,741ee40b-99e0-49da-b781-792b6cad6216,64b7b8c4-c418-4b27-8aa7-31c44d2850f4,fddaf8e9-6acb-4f4d-9e99-d57f7fba847d,MAR/AGO,1200.00
8c8e9878-976e-4c0e-b417-9b1ce678d999,f7d77f17-5d1b-4658-961a-004fda9b9504,5cb7777e-5664-4929-b875-cddff5a7c18c,fddaf8e9-6acb-4f4d-9e99-d57f7fba847d,MAR/AGO,1500.00
8d0891d7-c275-4d36-936f-2ba7ccaee81a,78b96b72-cc62-49d7-a0c5-beed49d62659,f618e808-f64d-40f7-ac44-d3b6ddc0f0a7,fddaf8e9-6acb-4f4d-9e99-d57f7fba847d,OCT,1500.00
8d3c031c-172a-4386-802f-b54347520608,9ac61f29-189c-48be-a4e9-66f9c263cee3,6539fe6a-8f3f-4a06-aa20-dbb71a0a4ccb,fddaf8e9-6acb-4f4d-9e99-d57f7fba847d,ENE,1600.00
8d5e2e74-0996-4c18-867a-9192bcde830a,3c836dad-7b7c-4061-930f-20060ef1558b,e5a7742b-06e9-4add-a1c7-4049a93b2b75,fddaf8e9-6acb-4f4d-9e99-d57f7fba847d,ENE,1100.00
8dd7be7f-0b13-4600-8bc3-23b519ea1353,72c242a7-3fcb-45ab-b0ec-ab27812c47b3,18f8e872-a787-4eef-953c-1c326065039e,fddaf8e9-6acb-4f4d-9e99-d57f7fba847d,NOV,1000.00
8e50338f-83d0-4890-847a-4b58e4bc3b47,22c9b7fd-1dfd-4ac7-8fa1-d6e7b2abeec8,6539fe6a-8f3f-4a06-aa20-dbb71a0a4ccb,fddaf8e9-6acb-4f4d-9e99-d57f7fba847d,SEP,1600.00
8eccd690-6c6d-4b01-bb9c-063f820939c1,3c59c713-6da9-4cfb-bd97-6e0ee04f0778,845acc82-5357-4263-a24c-e03f7ea60a49,fddaf8e9-6acb-4f4d-9e99-d57f7fba847d,OCT,900.00
8f08846c-514d-40a1-a21f-13231136e884,80506a38-e739-46d9-bdbf-f2674b537c58,f5bb300e-d8ed-4cca-b176-cb11e46338bd,fddaf8e9-6acb-4f4d-9e99-d57f7fba847d,ENE,1400.00
8f6731f4-ec2d-40cb-a43f-33c5dd2bb210,cc4bc6ac-b300-48e5-9fe6-8d59a2b3d115,2a0d752a-79d5-4658-bf0d-64b137383ac6,fddaf8e9-6acb-4f4d-9e99-d57f7fba847d,FEB,900.00
9021a32d-87cd-43e6-9ce7-d7c36922e35b,228e5a5a-c7a2-47d0-a695-f46ff18f2bad,a4c9cada-bb7c-4116-8091-8b3e944aba30,fddaf8e9-6acb-4f4d-9e99-d57f7fba847d,ABR,1000.00
902d07db-7d95-48b9-9222-1db89ce9d578,cfa93cd6-80d8-4e9c-a3d5-76200a065566,81db6f65-f0d0-45e2-93d7-8d0e5c3dc56a,fddaf8e9-6acb-4f4d-9e99-d57f7fba847d,NOV,1000.00
90355962-42e0-4397-b907-ccda9a499c2d,d002fc23-4395-404c-87f8-297d59353bd3,6a9b25d0-e6e4-4cf2-94ef-4ba0a59c5b2d,fddaf8e9-6acb-4f4d-9e99-d57f7fba847d,NOV,1000.00
9052e1d7-52e2-44a2-9e07-d7b265984050,819aa7b8-b683-41ec-8230-3d6af40a0489,9ace76f4-cf42-4715-ba18-951ec5af9103,fddaf8e9-6acb-4f4d-9e99-d57f7fba847d,ENE,1000.00
9078e7ca-29a7-40d1-a416-c547aa98fc72,beed1c7e-630f-4201-97f5-538795bc9896,d8b23e94-04f7-4eed-9748-9c90f9758257,fddaf8e9-6acb-4f4d-9e99-d57f7fba847d,MAY,1200.00
9115c281-e6cc-4fd3-968f-93950beb19ca,3b0bb0fe-a0e2-4afb-ba46-5a39a004a7e7,ea4ba647-d045-4e06-ae83-397c1aa0fb8d,fddaf8e9-6acb-4f4d-9e99-d57f7fba847d,SEP,1500.00
91167632-1aab-48f3-b3a2-4c32103e070b,041bd494-9c8d-4bed-897d-db8845c0b4db,6d484f92-07ed-4ef5-acde-ed43c7314527,fddaf8e9-6acb-4f4d-9e99-d57f7fba847d,OCT,1500.00
913320a7-48ac-47e3-bc93-357a43291d31,fc0b9519-0892-4f94-9f69-b68bd532ac97,0a79ced7-bab3-44d8-89da-e166880163bd,fddaf8e9-6acb-4f4d-9e99-d57f7fba847d,MAR/AGO,900.00
9135637d-594f-45fd-bc34-6f2235619d2d,9a2438c2-04da-400f-bf15-6f3d6238ee4a,f5bb300e-d8ed-4cca-b176-cb11e46338bd,fddaf8e9-6acb-4f4d-9e99-d57f7fba847d,SEP,1400.00
91c40685-e9da-4cf5-a38b-5909fc81de86,32a23701-4327-4528-bb46-b4426fa66b34,7392fe19-c6bd-489a-9cf5-3f6861139603,fddaf8e9-6acb-4f4d-9e99-d57f7fba847d,MAR/AGO,1300.00
91f88a83-4fb5-4dce-8dd5-28c2f7446ddb,576b28be-55e8-4a38-83f3-7ce7b3956147,3523dbd3-f616-4c1d-9a52-db64d88e0b23,fddaf8e9-6acb-4f4d-9e99-d57f7fba847d,DIC/JUL,1100.00
921ba1ac-2613-4c5c-b47c-83e7a70911ad,a68322f2-6eb6-4243-853a-ff11bc620ae2,0a79ced7-bab3-44d8-89da-e166880163bd,fddaf8e9-6acb-4f4d-9e99-d57f7fba847d,DIC/JUL,1800.00
921d5b5b-be90-45bd-9759-45b659779764,6a9575d3-37d6-4808-911d-712faa1e1373,5af22e45-f9f7-4577-b07b-7ce4a7940329,fddaf8e9-6acb-4f4d-9e99-d57f7fba847d,FEB,1500.00
9263b175-6023-4d7d-bfd0-9f94c632d85e,1dbcc22a-78fd-47c5-a99e-6fa6e7035ebd,e2808836-b027-41af-8918-de113abd6e4a,fddaf8e9-6acb-4f4d-9e99-d57f7fba847d,ENE,300.00
92698fad-8866-472c-baa9-a2f6169b815d,96ba5e8b-d106-4299-a9f9-ee584e7c7992,2bc201a6-4c7f-402c-9ed1-a2310ae79d3c,fddaf8e9-6acb-4f4d-9e99-d57f7fba847d,SEP,1500.00
930bef66-dadd-43e8-87c2-13d9b9bc9a99,bc8bc859-7db0-46b3-9d7d-7f2deaae7980,f425a981-e85a-4cb0-95a0-1de810c18a53,fddaf8e9-6acb-4f4d-9e99-d57f7fba847d,OCT,1000.00
93484a9e-477d-4684-b384-96eccb1e3fa2,e9233a5c-b98c-4226-8b03-325e4fa1d669,2e6b93f5-df65-49fd-8c38-d2325e1f2a4f,fddaf8e9-6acb-4f4d-9e99-d57f7fba847d,ABR,900.00
9350cbe8-23f1-4a50-a801-c90ec78ca2b2,7f6304b8-0617-400b-9d33-41b6238d45a6,a289cbad-dbdb-4e9c-8afd-aeef6bbd7fcb,fddaf8e9-6acb-4f4d-9e99-d57f7fba847d,SEP,1400.00
9367cb40-60d2-4e42-9e0b-6441b111f977,161d753d-3d2e-40ab-9506-e926148ff9e4,abea3641-4bdf-451a-8710-fa95ab34cab7,fddaf8e9-6acb-4f4d-9e99-d57f7fba847d,SEP,1600.00
93faa8e5-c064-4996-8712-b3a552189747,b004fb13-e4c7-4ad9-9e84-b2f1c0175708,6f2f8410-2704-4938-8538-21edb5b8221a,fddaf8e9-6acb-4f4d-9e99-d57f7fba847d,SEP,1000.00
9430bab1-15bb-4d44-b903-c09c376e14dd,c99db985-5a39-41d0-ac51-89ead7b39c23,ae5f806a-46b0-4a53-8eb3-9a5dd3e9d0dd,fddaf8e9-6acb-4f4d-9e99-d57f7fba847d,FEB,1300.00
954e91d1-9a28-4ef6-8150-512886735df0,56418b58-a6c8-4405-98ed-0924be76b384,d08fe665-bb14-41a1-b1b8-902320280075,fddaf8e9-6acb-4f4d-9e99-d57f7fba847d,SEP,250.00
961c6811-918a-419f-a43a-ff845d6bcb05,a9cc916f-860e-4c37-86fd-e648df1c783d,2fe35f28-fbab-491d-91b2-3d939e6b55bd,fddaf8e9-6acb-4f4d-9e99-d57f7fba847d,DIC/JUL,1500.00
97138d3c-6e05-4ee4-82d8-3665acb31dbd,9b5ebebd-f92a-46e6-8338-e95e8c341f1a,2645afb7-c140-490c-b8db-c0dd4fbf6e11,fddaf8e9-6acb-4f4d-9e99-d57f7fba847d,MAY,1500.00
9894cb58-fbbb-4d77-8c31-047a2feab170,6aa0269d-854d-4a58-9a70-50cc64ff75dd,6539fe6a-8f3f-4a06-aa20-dbb71a0a4ccb,fddaf8e9-6acb-4f4d-9e99-d57f7fba847d,NOV,1600.00
990cf4d6-1e42-4f1d-b410-6c2220f9d333,b943106c-d45f-4a4b-a2cb-14eb7ba575e8,e57db8cf-8012-4fa3-b822-41d98008dc00,fddaf8e9-6acb-4f4d-9e99-d57f7fba847d,NOV,1500.00
997701a5-f055-437d-a2b6-43da6c363034,59e9d52e-df7d-4f19-a33b-459c85ea9659,fdee6234-bf6d-4d45-bbd4-731a1c453987,fddaf8e9-6acb-4f4d-9e99-d57f7fba847d,OCT,950.00
9a009435-e185-4380-aae5-944abb109f3c,c47c487c-031c-4fe3-97b0-f5bef5be036a,d8b23e94-04f7-4eed-9748-9c90f9758257,fddaf8e9-6acb-4f4d-9e99-d57f7fba847d,SEP,1200.00
9a315ab1-2893-43b1-a91a-c7042426066d,9780d1d5-4c45-42b8-b388-64ea92a2d4ff,95149f3e-bf90-4279-8471-a562bd517960,fddaf8e9-6acb-4f4d-9e99-d57f7fba847d,ENE,1600.00
9a939b4c-7aa7-486f-a3d6-ae7459cb3fbc,5694c690-797d-4eec-8d56-41def5adf378,6a9b25d0-e6e4-4cf2-94ef-4ba0a59c5b2d,fddaf8e9-6acb-4f4d-9e99-d57f7fba847d,FEB,1000.00
9ac08014-7d7e-48a0-ae9f-157cd76cdfb6,7752d0e2-c48b-490c-921a-1af0a7ec80ab,18f8e872-a787-4eef-953c-1c326065039e,fddaf8e9-6acb-4f4d-9e99-d57f7fba847d,MAY,1000.00
9b41dc93-1cba-4d0e-9d38-3e7cc6063db7,278c0e54-58d0-41f8-937e-0ae913442ed6,5b6f10bf-24ec-4e49-8839-dbf02ee4cd75,fddaf8e9-6acb-4f4d-9e99-d57f7fba847d,DIC/JUL,3000.00
9b568a7d-010d-4da1-a7a4-b827b6fdf749,111223b7-3880-4bf5-a101-592a9c39c8cf,a4c9cada-bb7c-4116-8091-8b3e944aba30,fddaf8e9-6acb-4f4d-9e99-d57f7fba847d,ENE,1000.00
9bb26bdc-b605-4a29-b229-d7abba33b145,f86f9041-31d1-4dbf-9067-899764107c87,533aa94a-8eb8-436d-82ac-cb0d104f816e,fddaf8e9-6acb-4f4d-9e99-d57f7fba847d,NOV,900.00
9c934f20-1550-4822-a37a-b1f23b76730a,b18c066b-b06e-45f7-b275-44a0456e6d66,f55dbff7-6831-4d96-8262-f103ccf4bd43,fddaf8e9-6acb-4f4d-9e99-d57f7fba847d,SEP,1200.00
9cc3a3d0-070d-4c7c-99fb-910ad28b5454,112c7cce-58a6-4042-b235-63bcedc3c385,37b6c311-9c1a-461e-a70b-d93557cdbc0d,fddaf8e9-6acb-4f4d-9e99-d57f7fba847d,SEP,1000.00
9d7260e5-8070-4947-ab14-f90188b84d28,726b3e2d-62fc-4d64-9055-f86a0f09cb81,2645afb7-c140-490c-b8db-c0dd4fbf6e11,fddaf8e9-6acb-4f4d-9e99-d57f7fba847d,MAR/AGO,1000.00
9d9539d8-e74b-4bdd-a63a-a28b4b40a657,39a4eb13-9455-4103-bafc-c99947b9702a,afa0658f-b7b9-4fb1-997b-0e0fcf93b4e1,fddaf8e9-6acb-4f4d-9e99-d57f7fba847d,NOV,1500.00
9e17b668-3a72-493a-8040-2b631755afc6,9d1f88d0-7ba3-476a-ba54-28327a88572c,58f5f801-a774-4b45-8960-aec7b7127187,fddaf8e9-6acb-4f4d-9e99-d57f7fba847d,DIC/JUL,1600.00
9e1e2057-b448-4a93-b6ae-d956f04faf12,67155681-e8ea-40bf-9967-e9f99f52469c,8d1da005-457e-4b91-b44a-605b0ca3c47a,fddaf8e9-6acb-4f4d-9e99-d57f7fba847d,ENE,1600.00
9e623cbd-0d2b-48b4-8425-9a9b9055bab9,5b272d0a-9171-490d-b014-92329da51802,edd2b7ac-5bca-4650-8c2e-75f65e70849f,fddaf8e9-6acb-4f4d-9e99-d57f7fba847d,DIC/JUL,2400.00
9e65e40f-ea82-4bdd-b1f4-b8fb37a3b865,f5af0568-cc06-4b57-85b9-6e917ee372ac,02b5e8d1-89fb-4a1d-a9d3-58817df86b24,fddaf8e9-6acb-4f4d-9e99-d57f7fba847d,ENE,1600.00
9e7f4a57-d8f0-481e-9e6f-55a1b786f052,ebacf136-f574-40be-b4fd-fd531cb8fd28,209dac48-1e05-4390-a5da-676e1ee3b311,fddaf8e9-6acb-4f4d-9e99-d57f7fba847d,DIC/JUL,1000.00
9e9006db-1c80-4513-949d-9f66166061cc,18e61bf6-48f5-4758-873f-65ef38a0ff9c,ea4ba647-d045-4e06-ae83-397c1aa0fb8d,fddaf8e9-6acb-4f4d-9e99-d57f7fba847d,FEB,1500.00
9efd5eec-5b16-4fe7-b74d-38730f102243,82292f9b-a24c-46c3-b0da-609e49bee438,00fca4aa-70ed-464e-822f-6272cba1d93e,fddaf8e9-6acb-4f4d-9e99-d57f7fba847d,ENE,1400.00
9f722608-1502-48bb-b640-badf5560855c,9bde9071-cdf2-4c37-b721-a4f14088e1d6,d8b23e94-04f7-4eed-9748-9c90f9758257,fddaf8e9-6acb-4f4d-9e99-d57f7fba847d,NOV,1200.00
a0425142-35b0-4e15-a619-8c97855f19f1,8486dce0-3d93-498c-a1c5-46e4bb1b86cf,6a9b25d0-e6e4-4cf2-94ef-4ba0a59c5b2d,fddaf8e9-6acb-4f4d-9e99-d57f7fba847d,ABR,1000.00
a14f0ce1-8007-4703-8a6e-443ebf7f6452,bc8bc859-7db0-46b3-9d7d-7f2deaae7980,f425a981-e85a-4cb0-95a0-1de810c18a53,fddaf8e9-6acb-4f4d-9e99-d57f7fba847d,NOV,200.00
a2262f3d-bec5-4d1d-941e-aae2581c66bb,e22a3e80-ae48-418a-867e-5aeca027a81a,533aa94a-8eb8-436d-82ac-cb0d104f816e,fddaf8e9-6acb-4f4d-9e99-d57f7fba847d,DIC/JUL,1800.00
a2fdde74-5892-48dd-a5b9-9b55d13e7453,c1489dfa-fb75-47af-a6b2-3bc6f67cf2f5,0489bdaf-c632-4a1f-9b8e-85dba33a74b0,fddaf8e9-6acb-4f4d-9e99-d57f7fba847d,DIC/JUL,1100.00
a30e9f36-c310-4595-a0cb-09153d214d1a,9f831124-ddb5-4f4b-9cf8-a9042353e233,845acc82-5357-4263-a24c-e03f7ea60a49,fddaf8e9-6acb-4f4d-9e99-d57f7fba847d,SEP,900.00
a35cc871-fb4f-424d-aa8b-48ad4d10c462,83cf18d4-e60d-4b50-aea7-c69013815ddd,2a0d752a-79d5-4658-bf0d-64b137383ac6,fddaf8e9-6acb-4f4d-9e99-d57f7fba847d,DIC/JUL,1800.00
a3cf393c-3cd5-4bdf-b218-70bc1034b4b5,7eff8445-8036-4fd8-be19-5a6340ff915e,df9c3a2b-804a-47bc-9b11-eb45575dad16,fddaf8e9-6acb-4f4d-9e99-d57f7fba847d,JUN,1200.00
a448a2ac-0f79-46b4-9255-87d49d3a7bad,c9adc7e2-70a3-44b0-80a9-8a2c64f608df,f618e808-f64d-40f7-ac44-d3b6ddc0f0a7,fddaf8e9-6acb-4f4d-9e99-d57f7fba847d,JUN,1500.00
a49a0e26-b459-4c46-97aa-810b7c0ec400,ec62c5e6-cb55-431f-b8e2-fdccf61a8cfe,a8144361-4bce-487c-bc3a-949391e8d895,fddaf8e9-6acb-4f4d-9e99-d57f7fba847d,SEP,900.00
a4fec8c0-029f-40cf-959f-783bf4afa4b3,f1ac235c-1456-40fd-b35b-6b195c57a203,58f5f801-a774-4b45-8960-aec7b7127187,fddaf8e9-6acb-4f4d-9e99-d57f7fba847d,OCT,1600.00
a54ca652-c9c5-482f-a7ab-73d47a282240,83d1a8d9-a8ff-49f1-a0e9-3953eb719bfd,d8b23e94-04f7-4eed-9748-9c90f9758257,fddaf8e9-6acb-4f4d-9e99-d57f7fba847d,ENE,1200.00
a59ad662-42fb-49a1-8ad3-a6aa148f2fd4,c1fb6dd6-664e-4898-9df7-b6ef181a65a9,02b5e8d1-89fb-4a1d-a9d3-58817df86b24,fddaf8e9-6acb-4f4d-9e99-d57f7fba847d,OCT,1600.00
a5b5cffc-bfcd-4639-b853-c91dd5b5cad7,14b31b6a-580f-4a70-b476-4c6ac85ac460,6d484f92-07ed-4ef5-acde-ed43c7314527,fddaf8e9-6acb-4f4d-9e99-d57f7fba847d,MAY,1500.00
a6099787-89ef-44d1-b6a8-5c0e3b80471e,bd918161-c922-4ff5-a871-0fadbe570ccd,df9c3a2b-804a-47bc-9b11-eb45575dad16,fddaf8e9-6acb-4f4d-9e99-d57f7fba847d,ABR,1200.00
a6db8a1a-b721-47c0-86b3-f1732685a0c2,d656411f-b07e-477c-98df-49e6b56042cb,f55dbff7-6831-4d96-8262-f103ccf4bd43,fddaf8e9-6acb-4f4d-9e99-d57f7fba847d,ENE,1200.00
a73f2452-5469-4748-a774-4c5de7124e07,aa0f26d2-bc83-4991-a9d4-1bf998533d7b,02b5e8d1-89fb-4a1d-a9d3-58817df86b24,fddaf8e9-6acb-4f4d-9e99-d57f7fba847d,SEP,1600.00
a86e2602-5245-4ee6-9660-b013c784c54c,8c5664b9-e0b9-44f3-9185-3bc4a6a71849,c56d34dd-a1d8-4603-9194-4da21924592b,fddaf8e9-6acb-4f4d-9e99-d57f7fba847d,SEP,1000.00
a87cb87b-0646-43a1-915b-d99c07dd23e4,abbf616a-84e9-44c8-8bbc-e7831bee6566,95149f3e-bf90-4279-8471-a562bd517960,fddaf8e9-6acb-4f4d-9e99-d57f7fba847d,ABR,700.00
a8d613ef-d83d-4aeb-8cb5-d045b03b9cd3,97b83b10-6d80-47f0-9ad5-829417eb5611,a289cbad-dbdb-4e9c-8afd-aeef6bbd7fcb,fddaf8e9-6acb-4f4d-9e99-d57f7fba847d,JUN,1400.00
a9c2f197-c07e-4be6-8fb0-f38eb3dd43de,d66f56b9-901f-4926-8454-866c0a147ba0,a6b37970-a2fa-4a7b-8b11-d3e5151b40b3,fddaf8e9-6acb-4f4d-9e99-d57f7fba847d,SEP,1600.00
aa9168e1-15cc-49dc-b4f0-0ef67282300e,1ccaff4d-1cbe-4239-a60d-348eb7c40777,f618e808-f64d-40f7-ac44-d3b6ddc0f0a7,fddaf8e9-6acb-4f4d-9e99-d57f7fba847d,ENE,1500.00
aacb37c3-1399-4e55-ab4c-c47327bc5f43,a39d6d5e-d2b3-41ad-80af-0d7b3bcb5ac0,7392fe19-c6bd-489a-9cf5-3f6861139603,fddaf8e9-6acb-4f4d-9e99-d57f7fba847d,FEB,1300.00
abbf536a-6421-43b2-8464-18e40f3fd8f9,5464c6ff-7f39-40d9-a173-510094c7daf8,00fca4aa-70ed-464e-822f-6272cba1d93e,fddaf8e9-6acb-4f4d-9e99-d57f7fba847d,DIC/JUL,2800.00
ac598c02-aa55-4293-8a6b-41342c00f0ec,a9861f75-8900-41e5-9b61-3d6c9e3ebf10,6f2f8410-2704-4938-8538-21edb5b8221a,fddaf8e9-6acb-4f4d-9e99-d57f7fba847d,ENE,1000.00
ad7c475c-9a59-42e1-ab73-89a8bee25e74,47064f8d-8d7b-4236-ae67-25ff930036fc,61ed3b0d-3542-46bc-a02d-4f73b36cffd3,fddaf8e9-6acb-4f4d-9e99-d57f7fba847d,SEP,1100.00
aeb1f39c-c97e-4078-b85b-77c7369863ad,1dbcc22a-78fd-47c5-a99e-6fa6e7035ebd,e2808836-b027-41af-8918-de113abd6e4a,fddaf8e9-6acb-4f4d-9e99-d57f7fba847d,MAR/AGO,1600.00
af03dce1-8888-49a4-b1a0-81927f7c9eac,c8ae07ae-8f93-4a76-93d1-37b612919e7f,df9c3a2b-804a-47bc-9b11-eb45575dad16,fddaf8e9-6acb-4f4d-9e99-d57f7fba847d,OCT,1200.00
af6e0228-7ab8-47e0-8b8c-c47d776ee027,c99db985-5a39-41d0-ac51-89ead7b39c23,ae5f806a-46b0-4a53-8eb3-9a5dd3e9d0dd,fddaf8e9-6acb-4f4d-9e99-d57f7fba847d,MAR/AGO,1300.00
affb5362-81bf-4c1b-b605-164fe82230da,8e348bca-3956-4941-8361-7eeaf71a2fb6,0a79ced7-bab3-44d8-89da-e166880163bd,fddaf8e9-6acb-4f4d-9e99-d57f7fba847d,MAR/AGO,900.00
b0a059a8-a14f-4645-a4f4-1b9a03d624b1,5572adff-e8ba-466f-aeae-4af526521f4d,a4c9cada-bb7c-4116-8091-8b3e944aba30,fddaf8e9-6acb-4f4d-9e99-d57f7fba847d,OCT,1000.00
b26861b6-5537-4ef5-88cc-3874bc2d06cf,f8c84c7c-2ae8-4a15-a449-80b999f228ab,0e861609-c592-4713-bfad-a86c2f7d1c00,fddaf8e9-6acb-4f4d-9e99-d57f7fba847d,SEP,1600.00
b31e4fb1-f934-4849-8a54-c235d5333f0a,63a2c26f-3830-4c70-9671-2ab1ea5c89b9,2645afb7-c140-490c-b8db-c0dd4fbf6e11,fddaf8e9-6acb-4f4d-9e99-d57f7fba847d,MAR/AGO,2000.00
b35e9167-fdb1-43b8-9b69-d697543d0848,b6f228e6-ce1b-4534-a4bb-6c663a0b9770,7babc8a8-10d3-41e2-bb40-868a18dc2300,fddaf8e9-6acb-4f4d-9e99-d57f7fba847d,NOV,800.00
b3630573-e6e7-4c65-be18-8c6fd04fd837,7c688f9e-3674-43ae-9dd6-9c279cf8281a,2a01ea65-7487-4834-ab23-855018d8868e,fddaf8e9-6acb-4f4d-9e99-d57f7fba847d,MAY,1500.00
b36ec629-4280-4c15-9b86-da23bb43ceb4,2dab0852-5f05-4fdc-9983-7c848349aab1,f55dbff7-6831-4d96-8262-f103ccf4bd43,fddaf8e9-6acb-4f4d-9e99-d57f7fba847d,ABR,1200.00
b4e95524-9b39-4eb0-802a-7197503af0e2,59e9d52e-df7d-4f19-a33b-459c85ea9659,fdee6234-bf6d-4d45-bbd4-731a1c453987,fddaf8e9-6acb-4f4d-9e99-d57f7fba847d,SEP,950.00
b513f994-68f5-49f8-afe8-6e82c279fcbe,9eb0e4be-c697-40ad-899c-9b2d9ac39c37,4f28d56c-a1e3-4052-87a3-ecd1d9b0d5b6,fddaf8e9-6acb-4f4d-9e99-d57f7fba847d,FEB,1500.00
b554befa-4393-4d4d-a4fd-cfab7c05fdd7,abbf616a-84e9-44c8-8bbc-e7831bee6566,95149f3e-bf90-4279-8471-a562bd517960,fddaf8e9-6acb-4f4d-9e99-d57f7fba847d,MAR/AGO,600.00
b5945081-401c-4b25-bc34-123a41a44ada,0108f19d-3305-4a4f-9e9e-d93a00482a84,a4c9cada-bb7c-4116-8091-8b3e944aba30,fddaf8e9-6acb-4f4d-9e99-d57f7fba847d,SEP,1000.00
b680c9b5-2021-40d6-86ea-df407e8567ac,230ba90f-5f79-4dba-b063-f7ddde3e51ce,6f2f8410-2704-4938-8538-21edb5b8221a,fddaf8e9-6acb-4f4d-9e99-d57f7fba847d,MAR/AGO,1000.00
b6d69e1a-cf24-4229-8c0a-0091b6c6896c,844a1334-bd1a-4a3b-8e0d-c5c89ace59a8,6a9b25d0-e6e4-4cf2-94ef-4ba0a59c5b2d,fddaf8e9-6acb-4f4d-9e99-d57f7fba847d,OCT,1000.00
b6ec1d70-7993-4bbc-960f-075663f247e1,fe312f5c-cf52-4586-a62b-b0d4698a3ca9,d8b23e94-04f7-4eed-9748-9c90f9758257,fddaf8e9-6acb-4f4d-9e99-d57f7fba847d,ABR,1200.00
b804e132-1b63-45c0-b6f0-c6e98f8cadeb,490d5e10-9d65-4c71-9d6c-46267533839c,d81e498e-7690-4676-9957-8b832ccf8ea0,fddaf8e9-6acb-4f4d-9e99-d57f7fba847d,OCT,1000.00
b8070730-faa8-47b8-a0d5-60ba16bdfd83,3beb8dc5-57d9-4397-834d-7183cd9a77ab,845acc82-5357-4263-a24c-e03f7ea60a49,fddaf8e9-6acb-4f4d-9e99-d57f7fba847d,ABR,900.00
b8336736-468a-429a-8b22-dfaff755db91,5399bfc1-33b0-436d-8268-53dae4798216,02b5e8d1-89fb-4a1d-a9d3-58817df86b24,fddaf8e9-6acb-4f4d-9e99-d57f7fba847d,MAR/AGO,1600.00
b8ab6f0f-4adf-40ec-87a0-12b25182b5c7,eb8f5c8f-8fe4-4815-8acd-adb1cce7162c,f5bb300e-d8ed-4cca-b176-cb11e46338bd,fddaf8e9-6acb-4f4d-9e99-d57f7fba847d,MAY,1400.00
b911a208-0c68-4245-90ee-e90c9f93a48c,36f02d58-ec03-4f85-ba31-55dc444aeb61,2a01ea65-7487-4834-ab23-855018d8868e,fddaf8e9-6acb-4f4d-9e99-d57f7fba847d,MAR/AGO,1500.00
b93a5ae7-b26d-4b33-9cb8-5f27a331f7da,e634a77e-ac8e-4042-bbc5-e57817e03e23,317e5fd7-d8e6-4476-b348-a0a726649924,fddaf8e9-6acb-4f4d-9e99-d57f7fba847d,SEP,450.00
ba02fb42-fb7c-4b3c-9e44-ee00401baad0,a2ac9879-ffa8-4948-b3e9-b9a4dda74fb2,0e861609-c592-4713-bfad-a86c2f7d1c00,fddaf8e9-6acb-4f4d-9e99-d57f7fba847d,FEB,1600.00
ba878e12-cc11-4a8a-9f5c-f0810e898695,17cdf573-e1d5-4a37-86f9-5f13052f477a,eb5427dd-f41c-4408-8815-26493a90c351,fddaf8e9-6acb-4f4d-9e99-d57f7fba847d,OCT,1100.00
bac5e379-0865-4fc9-8273-106fb61be0dc,d96de222-3604-4442-a506-05acd0095308,e2808836-b027-41af-8918-de113abd6e4a,fddaf8e9-6acb-4f4d-9e99-d57f7fba847d,SEP,1600.00
bacef36d-a0b9-4fcc-8c5f-a7810445ef1e,a33822e3-6cfc-4a88-96d8-14a6c65be153,0a79ced7-bab3-44d8-89da-e166880163bd,fddaf8e9-6acb-4f4d-9e99-d57f7fba847d,ABR,900.00
bae347ea-da50-466c-ad47-b8c2ec225ab4,8c63f98d-1243-434a-bff3-a214017b979b,f55dbff7-6831-4d96-8262-f103ccf4bd43,fddaf8e9-6acb-4f4d-9e99-d57f7fba847d,OCT,1200.00
bb3f8a99-ec67-4e5b-b1b4-60f35f2753f0,d9845102-6c09-4f30-a28d-58532e013419,3f6663d7-9b89-4ea2-9f06-5035caff6390,fddaf8e9-6acb-4f4d-9e99-d57f7fba847d,DIC/JUL,900.00
bbeb41f1-0e63-47b0-9d90-285e1ffaef2a,dc1c2396-e6e5-49b1-9c5d-ae2def208451,2a01ea65-7487-4834-ab23-855018d8868e,fddaf8e9-6acb-4f4d-9e99-d57f7fba847d,DIC/JUL,3000.00
bcba9652-49e1-4c74-b84d-fa9af650a0ea,3107faba-e945-434f-8b3f-078664ec83df,8d1da005-457e-4b91-b44a-605b0ca3c47a,fddaf8e9-6acb-4f4d-9e99-d57f7fba847d,NOV,1600.00
bcc6545f-1446-47c9-85ce-06787412cabb,d0026d67-1665-4147-8658-1c3356f87ad4,69450844-df68-4eb9-a465-967c31417074,fddaf8e9-6acb-4f4d-9e99-d57f7fba847d,DIC/JUL,3200.00
be6e3e18-ab6f-4403-8350-5010922e3e13,4e4abc30-fb61-4867-a76d-1457e71121b3,5b6f10bf-24ec-4e49-8839-dbf02ee4cd75,fddaf8e9-6acb-4f4d-9e99-d57f7fba847d,SEP,1500.00
beb1d315-8d0c-4dd5-b1b0-8b559e191206,d928cecd-6097-4c6a-9b56-1e5cc8e3f7ca,2a0d752a-79d5-4658-bf0d-64b137383ac6,fddaf8e9-6acb-4f4d-9e99-d57f7fba847d,MAR/AGO,1800.00
bf5dc31c-7891-4c4f-b659-ff8dcddcb8c7,d61dcb0c-8e41-4bde-a4dc-7485fed914f6,eb5427dd-f41c-4408-8815-26493a90c351,fddaf8e9-6acb-4f4d-9e99-d57f7fba847d,DIC/JUL,1100.00
bf6cedf5-5980-403f-ac16-a5d12890d4b7,3141ae88-7d17-4691-9f6c-9fa1022afceb,845acc82-5357-4263-a24c-e03f7ea60a49,fddaf8e9-6acb-4f4d-9e99-d57f7fba847d,NOV,900.00
bf79c02d-368e-468c-ad89-1a048eb2b419,cdcc222a-e547-4d1a-96f9-51bc2cdfce73,533aa94a-8eb8-436d-82ac-cb0d104f816e,fddaf8e9-6acb-4f4d-9e99-d57f7fba847d,ABR,900.00
c0098bfe-de66-46b7-9de4-b28a107d0b27,4f427f99-79be-4e88-bac2-7d2656cba471,2a0d752a-79d5-4658-bf0d-64b137383ac6,fddaf8e9-6acb-4f4d-9e99-d57f7fba847d,ENE,900.00
c0906d88-161f-4c34-9cc3-eda8198e42d1,45defb49-ba0d-4ecc-80f3-0c18bf3a1cc1,18f8e872-a787-4eef-953c-1c326065039e,fddaf8e9-6acb-4f4d-9e99-d57f7fba847d,OCT,1000.00
c0a23021-5064-4d21-885b-e971d660815f,27adc2f3-0a34-4f2b-a23f-139b505fb5f7,df9c3a2b-804a-47bc-9b11-eb45575dad16,fddaf8e9-6acb-4f4d-9e99-d57f7fba847d,MAR/AGO,2400.00
c2aa47cc-8783-483e-9637-c5cfe653b2ca,6e48107e-3aa7-4796-be6c-7374ba5e1508,a289cbad-dbdb-4e9c-8afd-aeef6bbd7fcb,fddaf8e9-6acb-4f4d-9e99-d57f7fba847d,DIC/JUL,2800.00
c31bf65a-ae7d-4500-8cae-ae339dc9d25c,87f4d541-6509-49b5-bedb-cb257ab29c55,2a0d752a-79d5-4658-bf0d-64b137383ac6,fddaf8e9-6acb-4f4d-9e99-d57f7fba847d,OCT,900.00
c3ac8e56-3e2a-4dc9-afbd-441b56494e1f,61ef0a46-ecf5-4225-baec-e3e431dd09d4,533aa94a-8eb8-436d-82ac-cb0d104f816e,fddaf8e9-6acb-4f4d-9e99-d57f7fba847d,MAR/AGO,900.00
c450c4c9-29fd-402f-a448-524b913b822e,7d72ee32-879e-4150-a700-d0846fa2e50c,ea4ba647-d045-4e06-ae83-397c1aa0fb8d,fddaf8e9-6acb-4f4d-9e99-d57f7fba847d,MAY,1500.00
c65eabcb-43ee-403a-a722-5a3a1dcd94a1,1effee84-1254-4b24-aef3-643caeb6bb9a,2645afb7-c140-490c-b8db-c0dd4fbf6e11,fddaf8e9-6acb-4f4d-9e99-d57f7fba847d,NOV,500.00
c7a44b77-1260-4ad9-b6f5-db1cd5f1f0ed,d928cecd-6097-4c6a-9b56-1e5cc8e3f7ca,2a0d752a-79d5-4658-bf0d-64b137383ac6,fddaf8e9-6acb-4f4d-9e99-d57f7fba847d,ABR,900.00
c7b3485f-349f-4fe3-ba71-3d1c23513f58,3c94f015-2a2a-446d-be51-7e7c477f5886,df9c3a2b-804a-47bc-9b11-eb45575dad16,fddaf8e9-6acb-4f4d-9e99-d57f7fba847d,ENE,1200.00
c7e28ef1-f9b9-452a-b4e8-3765a65be9e9,56eec229-ac55-4312-96e9-3c6288cbb9e1,81db6f65-f0d0-45e2-93d7-8d0e5c3dc56a,fddaf8e9-6acb-4f4d-9e99-d57f7fba847d,MAR/AGO,1000.00
c7e448fb-c44e-4343-9c0c-1080a79999c1,afc70949-57f1-4bf3-8815-40c400000291,2e6b93f5-df65-49fd-8c38-d2325e1f2a4f,fddaf8e9-6acb-4f4d-9e99-d57f7fba847d,NOV,900.00
c86649d5-ecfa-4811-9d4d-cefb2e5b2222,2111a608-fbd2-4daf-8548-b5e6dcff6a93,2e6b93f5-df65-49fd-8c38-d2325e1f2a4f,fddaf8e9-6acb-4f4d-9e99-d57f7fba847d,MAR/AGO,900.00
c8e6ff6c-cc76-4abf-a654-84f71426ab00,a9f44f91-3afc-4da8-b76a-56f72d500f7c,5cb7777e-5664-4929-b875-cddff5a7c18c,fddaf8e9-6acb-4f4d-9e99-d57f7fba847d,ENE,1500.00
c910c517-6b1a-473d-a553-0b8ef861ed5d,29e01ed8-a7bc-4779-99ab-23e9f0b77cca,f0fe1f2d-d8f7-4f5d-b713-d15b3cc1f577,fddaf8e9-6acb-4f4d-9e99-d57f7fba847d,NOV,1100.00
c914b759-4768-4b78-9882-c0f227d91529,22bd8e06-14b0-40e9-a7ba-bd19dc26aed0,2bc201a6-4c7f-402c-9ed1-a2310ae79d3c,fddaf8e9-6acb-4f4d-9e99-d57f7fba847d,FEB,1500.00
c978e609-3e1c-4dac-b668-d3d2039b258c,f2c06914-84c7-42d5-a119-8f6aab1b5ebe,40dc866f-fce4-4635-bf68-fa98f8b87c6e,fddaf8e9-6acb-4f4d-9e99-d57f7fba847d,SEP,1100.00
c9a0e524-030e-4628-98d7-2469196ed47e,b0e9835d-fddd-4d23-837d-3eec41cda10f,18f8e872-a787-4eef-953c-1c326065039e,fddaf8e9-6acb-4f4d-9e99-d57f7fba847d,ABR,1000.00
c9bc78a3-f314-426d-8df7-9f07e5b3dc9c,ca98466e-1304-4172-ba16-351539bc4d81,fa437269-6375-40e4-87dc-f133c454a67b,fddaf8e9-6acb-4f4d-9e99-d57f7fba847d,DIC/JUL,1800.00
ca0f2d7d-2a1f-4de0-9a21-13b756237969,6148ad5e-332c-4471-9324-585334ee4b91,6f2f8410-2704-4938-8538-21edb5b8221a,fddaf8e9-6acb-4f4d-9e99-d57f7fba847d,DIC/JUL,1000.00
ca831083-1bbe-4b0b-aaed-cef18fa2fa00,10b28cb1-5734-48e1-afbe-842381a91a00,2645afb7-c140-490c-b8db-c0dd4fbf6e11,fddaf8e9-6acb-4f4d-9e99-d57f7fba847d,JUN,1500.00
cad8f07b-8118-44b7-a47a-8e77b6e7ccc3,f332b660-ecd7-4ad4-8725-2f9f41b50ac2,fa437269-6375-40e4-87dc-f133c454a67b,fddaf8e9-6acb-4f4d-9e99-d57f7fba847d,MAY,900.00
cb056d1e-03e6-4145-8274-6d03f51793fc,1ccaff4d-1cbe-4239-a60d-348eb7c40777,f618e808-f64d-40f7-ac44-d3b6ddc0f0a7,fddaf8e9-6acb-4f4d-9e99-d57f7fba847d,DIC/JUL,3000.00
cc217d70-218a-45fb-946a-5a07949be432,44791b9b-ae85-4c8d-b7f1-cdd529d611fb,533aa94a-8eb8-436d-82ac-cb0d104f816e,fddaf8e9-6acb-4f4d-9e99-d57f7fba847d,MAY,900.00
cc316561-0ff1-4ce9-830f-89bc03aa2a45,3107faba-e945-434f-8b3f-078664ec83df,8d1da005-457e-4b91-b44a-605b0ca3c47a,fddaf8e9-6acb-4f4d-9e99-d57f7fba847d,DIC/JUL,1600.00
cc61c838-089f-4c54-abd2-3df8280868c1,bd4281df-653e-49a3-b483-797c745f0ffa,ea4ba647-d045-4e06-ae83-397c1aa0fb8d,fddaf8e9-6acb-4f4d-9e99-d57f7fba847d,MAR/AGO,3000.00
cca34d4b-ca88-4181-aa4d-d9c38c42b485,23138e31-a50d-4691-a551-bea89632fa21,64b7b8c4-c418-4b27-8aa7-31c44d2850f4,fddaf8e9-6acb-4f4d-9e99-d57f7fba847d,DIC/JUL,1200.00
cdc65bd9-25d6-4806-9d91-51701ed7ce90,1a48bb0b-ec77-4f26-97b8-3b8f59a13cb3,0a79ced7-bab3-44d8-89da-e166880163bd,fddaf8e9-6acb-4f4d-9e99-d57f7fba847d,OCT,900.00
cde2bbaa-3f25-4d1c-bd86-a856a22d3af8,7b525d45-770d-450f-955d-e1fa9439929f,afa0658f-b7b9-4fb1-997b-0e0fcf93b4e1,fddaf8e9-6acb-4f4d-9e99-d57f7fba847d,FEB,1500.00
cedc94b8-11fe-438f-961d-c010fab52c32,296d61af-c303-40b6-add5-19af0cc05160,d8b23e94-04f7-4eed-9748-9c90f9758257,fddaf8e9-6acb-4f4d-9e99-d57f7fba847d,OCT,1200.00
cfd3ecff-7413-482e-af32-5c7f787f4400,cad35c64-70da-46a8-bbd9-4da006d81bf2,533aa94a-8eb8-436d-82ac-cb0d104f816e,fddaf8e9-6acb-4f4d-9e99-d57f7fba847d,SEP,900.00
cfd63890-0751-49aa-9c8e-ba826f95c548,3f43cb8b-2c34-4adc-9d7b-04b9e3b745a6,fa437269-6375-40e4-87dc-f133c454a67b,fddaf8e9-6acb-4f4d-9e99-d57f7fba847d,SEP,900.00
d02c7c88-337c-48b4-9d6d-0e0db9dd1b66,2f136f83-1689-48ee-9de7-12e60785b778,f5bb300e-d8ed-4cca-b176-cb11e46338bd,fddaf8e9-6acb-4f4d-9e99-d57f7fba847d,NOV,1400.00
d0487649-7bb6-49a6-b6c4-81fa57b31d8b,7614df16-1ad5-4ab5-94c0-2d62c2897778,bcb7ffd8-0cfa-449a-88d5-626f505cb19c,fddaf8e9-6acb-4f4d-9e99-d57f7fba847d,MAR/AGO,1100.00
d0a644d7-5174-4b25-88fa-bfaed91d11f6,a0116f28-ce2c-4859-ac8e-5df706e1bab0,fdee6234-bf6d-4d45-bbd4-731a1c453987,fddaf8e9-6acb-4f4d-9e99-d57f7fba847d,ENE,950.00
d0d619c9-2959-43b0-8aaf-513096b78deb,b3b17bda-428e-4ec1-a0e3-59e8bbcd0e3e,afa0658f-b7b9-4fb1-997b-0e0fcf93b4e1,fddaf8e9-6acb-4f4d-9e99-d57f7fba847d,DIC/JUL,1500.00
d1991f1f-5908-4d15-b966-4faa5e9722fd,a8bb7eea-4b2f-4a8e-86c3-dc333ce8cb8b,5af22e45-f9f7-4577-b07b-7ce4a7940329,fddaf8e9-6acb-4f4d-9e99-d57f7fba847d,OCT,1500.00
d1e83178-f598-474b-806c-c5b75c147a9f,1334f989-7d1c-49e9-9309-b0d8e5cf483a,1e3beb16-3079-4aaa-93fc-a0203720434d,fddaf8e9-6acb-4f4d-9e99-d57f7fba847d,SEP,1600.00
d2c29ef0-104e-4da2-9947-55fd6fbfd5e7,b943106c-d45f-4a4b-a2cb-14eb7ba575e8,e57db8cf-8012-4fa3-b822-41d98008dc00,fddaf8e9-6acb-4f4d-9e99-d57f7fba847d,SEP,1500.00
d3e8d891-b053-43cb-b15e-830693cbbcd8,02790b4a-29e0-4105-b536-c18cfff2180b,8d1da005-457e-4b91-b44a-605b0ca3c47a,fddaf8e9-6acb-4f4d-9e99-d57f7fba847d,OCT,1600.00
d3f38f8d-1ff4-45a7-a1b2-78ca4e483995,600d06b5-d0a6-4ad6-9af0-e800e55edcf9,a4c9cada-bb7c-4116-8091-8b3e944aba30,fddaf8e9-6acb-4f4d-9e99-d57f7fba847d,NOV,1000.00
d4de0f7b-d73d-4fe2-9584-65270e421e5c,d66f56b9-901f-4926-8454-866c0a147ba0,a6b37970-a2fa-4a7b-8b11-d3e5151b40b3,fddaf8e9-6acb-4f4d-9e99-d57f7fba847d,OCT,1600.00
d5a81eff-5d6f-4d16-9bf1-28673c1dbfd8,d7257aad-6b7a-4eff-9656-3b0430e0835e,061d5f0c-2ec0-4698-a862-38cdd50d237d,fddaf8e9-6acb-4f4d-9e99-d57f7fba847d,MAY,1500.00
d82dafaa-fb6c-4030-b487-df0877bc51fb,35be8420-44ef-4295-9911-55fbc02ebd6e,fa437269-6375-40e4-87dc-f133c454a67b,fddaf8e9-6acb-4f4d-9e99-d57f7fba847d,FEB,900.00
d95b3a70-7646-4e13-ae96-719716a6795d,89b16fec-e924-4de8-9163-ffea37b75bca,5cb7777e-5664-4929-b875-cddff5a7c18c,fddaf8e9-6acb-4f4d-9e99-d57f7fba847d,ABR,1500.00
d9f5a91e-f125-43d8-93aa-5debdd66e409,3f43cb8b-2c34-4adc-9d7b-04b9e3b745a6,fa437269-6375-40e4-87dc-f133c454a67b,fddaf8e9-6acb-4f4d-9e99-d57f7fba847d,OCT,900.00
da48f05c-b30d-499f-9f23-2292a4a2564d,32ac9019-5b30-4758-b31e-cdcf1c89a3f5,6d484f92-07ed-4ef5-acde-ed43c7314527,fddaf8e9-6acb-4f4d-9e99-d57f7fba847d,ABR,1500.00
da4c807e-52e5-47bf-aaac-7746549f85c5,52df90ca-f73d-42f0-87c5-312e7953b090,64b7b8c4-c418-4b27-8aa7-31c44d2850f4,fddaf8e9-6acb-4f4d-9e99-d57f7fba847d,SEP,1200.00
da73ce5e-8a81-4474-9363-68db703f9438,c0a3147b-ffd1-4c72-851b-047294ab746e,562676d8-327a-4012-97e1-f0cfefc685b0,fddaf8e9-6acb-4f4d-9e99-d57f7fba847d,MAR/AGO,3000.00
daed2b4c-89dd-4212-949e-08daf23b129b,8fbefac1-a681-471c-ae05-a20842c199cc,fdee6234-bf6d-4d45-bbd4-731a1c453987,fddaf8e9-6acb-4f4d-9e99-d57f7fba847d,ABR,950.00
db2410bf-8627-4c87-958b-4196415b2d95,81d045e1-f34b-4162-aa1a-40d6d14a1010,e5a7742b-06e9-4add-a1c7-4049a93b2b75,fddaf8e9-6acb-4f4d-9e99-d57f7fba847d,FEB,1100.00
db8ee6bc-e91e-4e9b-a476-2bda46f4d8c2,5bb37264-08c3-4750-82bf-2b29cb140ae4,3523dbd3-f616-4c1d-9a52-db64d88e0b23,fddaf8e9-6acb-4f4d-9e99-d57f7fba847d,NOV,1400.00
dc6d1a46-dd8b-4c49-8507-8553c8a4bf48,d9be47c1-f4a1-421d-8e40-b5e6ef4160ec,58f5f801-a774-4b45-8960-aec7b7127187,fddaf8e9-6acb-4f4d-9e99-d57f7fba847d,NOV,1600.00
dc7a2884-1255-47f4-95a9-c3235a08f8dc,ae98d2a3-878b-4c12-909f-dc5f1349c222,d8b23e94-04f7-4eed-9748-9c90f9758257,fddaf8e9-6acb-4f4d-9e99-d57f7fba847d,MAR/AGO,2400.00
dda7a4df-d096-4edd-b298-a3fca3126c14,6e043db5-12e1-47d3-9b03-9c9b877a2c9d,3f6663d7-9b89-4ea2-9f06-5035caff6390,fddaf8e9-6acb-4f4d-9e99-d57f7fba847d,MAR/AGO,900.00
ddba883e-55f2-4ba4-a9c7-bfa06b055d11,0ca14dc4-e2c5-4885-81bc-c60b9d57e9b6,209dac48-1e05-4390-a5da-676e1ee3b311,fddaf8e9-6acb-4f4d-9e99-d57f7fba847d,SEP,1000.00
de73ecf4-5ec9-4624-b899-27fe041e8211,47018dc0-daf4-4bfe-b3ef-3c7afa1aa551,562676d8-327a-4012-97e1-f0cfefc685b0,fddaf8e9-6acb-4f4d-9e99-d57f7fba847d,FEB,1500.00
df0ebb2f-ddc9-44c2-8dc3-6f5d04d09057,228e5a5a-c7a2-47d0-a695-f46ff18f2bad,a4c9cada-bb7c-4116-8091-8b3e944aba30,fddaf8e9-6acb-4f4d-9e99-d57f7fba847d,MAR/AGO,1000.00
dfa9cac5-3648-481d-bef2-ec2af4e6519e,f332b660-ecd7-4ad4-8725-2f9f41b50ac2,fa437269-6375-40e4-87dc-f133c454a67b,fddaf8e9-6acb-4f4d-9e99-d57f7fba847d,JUN,900.00
e02c2095-e899-446e-bfa4-88e8ee85872e,f8ced08a-5b88-4325-9852-439c1f4e3f64,3f6663d7-9b89-4ea2-9f06-5035caff6390,fddaf8e9-6acb-4f4d-9e99-d57f7fba847d,ABR,900.00
e03648d1-f9e3-4d22-9b6d-d657a1f24b82,aad93533-fa6d-4bce-9fd2-ce997bbd38c2,eb5427dd-f41c-4408-8815-26493a90c351,fddaf8e9-6acb-4f4d-9e99-d57f7fba847d,NOV,1100.00
e109e359-276b-4af0-ade2-1739b6d9faa0,e234dca0-e1cb-4088-be42-ac8b0a95b2a0,6f2f8410-2704-4938-8538-21edb5b8221a,fddaf8e9-6acb-4f4d-9e99-d57f7fba847d,MAR/AGO,1000.00
e15306cd-7908-4c9a-9c1e-03749b5183b7,ab280011-6074-43fb-9bb0-ca0636a7e668,6539fe6a-8f3f-4a06-aa20-dbb71a0a4ccb,fddaf8e9-6acb-4f4d-9e99-d57f7fba847d,MAY,1600.00
e1ce87b3-de81-464c-be60-5f1fad7941c0,2c0c20c7-d5f2-4229-935f-63abf6c8cba4,81db6f65-f0d0-45e2-93d7-8d0e5c3dc56a,fddaf8e9-6acb-4f4d-9e99-d57f7fba847d,ENE,1000.00
e1d57e37-ec0e-4e9a-a30c-eeb08f6ec492,66511daa-6df8-45bc-ab44-7259ccc93889,2bc201a6-4c7f-402c-9ed1-a2310ae79d3c,fddaf8e9-6acb-4f4d-9e99-d57f7fba847d,MAY,1500.00
e238a528-b15e-43e0-ba23-39b400229a9c,e2469095-39fb-4ab4-bdad-1ec7e6c15f25,2bc201a6-4c7f-402c-9ed1-a2310ae79d3c,fddaf8e9-6acb-4f4d-9e99-d57f7fba847d,MAR/AGO,1500.00
e241c40a-91ef-4249-aa53-4efd705726a8,d89ceef5-aeb7-46dc-8031-5f3b3cf23816,5af22e45-f9f7-4577-b07b-7ce4a7940329,fddaf8e9-6acb-4f4d-9e99-d57f7fba847d,NOV,1500.00
e3344389-69fb-4b5b-bb61-0cc731a1e313,1e5d80d2-4b36-4d58-817d-144925901a69,64b7b8c4-c418-4b27-8aa7-31c44d2850f4,fddaf8e9-6acb-4f4d-9e99-d57f7fba847d,DIC/JUL,1200.00
e38b93ba-333d-4f45-8252-a52eaa177430,c4f948e0-17ec-4d26-aba1-a4382a7b4059,61ed3b0d-3542-46bc-a02d-4f73b36cffd3,fddaf8e9-6acb-4f4d-9e99-d57f7fba847d,DIC/JUL,2200.00
e42883dc-9f54-4a13-8121-123ae61961b0,1a4ebbef-19c1-4771-9733-e58588dcd3c0,3f6663d7-9b89-4ea2-9f06-5035caff6390,fddaf8e9-6acb-4f4d-9e99-d57f7fba847d,OCT,900.00
e5b41216-23ba-49f0-b057-ef30ee283a16,ca072c44-595d-4467-9961-fee1a6904833,0e861609-c592-4713-bfad-a86c2f7d1c00,fddaf8e9-6acb-4f4d-9e99-d57f7fba847d,DIC/JUL,3200.00
e636645b-b7ab-4d80-a631-546109d67abc,bacf792e-e735-46a6-9490-00a8be2a3ddb,5b6f10bf-24ec-4e49-8839-dbf02ee4cd75,fddaf8e9-6acb-4f4d-9e99-d57f7fba847d,FEB,1500.00
e686fa83-ead3-43b5-9016-0598d731240d,1c138b8c-8781-4508-b692-1ffb479410fa,533aa94a-8eb8-436d-82ac-cb0d104f816e,fddaf8e9-6acb-4f4d-9e99-d57f7fba847d,OCT,900.00
e6cff650-c778-4f69-b87b-3219c8872ed8,2f196bc2-ccb8-43bd-b541-aaf2d1ce2a79,61ed3b0d-3542-46bc-a02d-4f73b36cffd3,fddaf8e9-6acb-4f4d-9e99-d57f7fba847d,OCT,1100.00
e93759f7-3388-4a83-aec1-bc28af11dfa0,a0116f28-ce2c-4859-ac8e-5df706e1bab0,fdee6234-bf6d-4d45-bbd4-731a1c453987,fddaf8e9-6acb-4f4d-9e99-d57f7fba847d,DIC/JUL,1050.00
ea375c3c-acf5-4f97-bddf-90753946c265,c6681ab9-0750-480e-a7ea-1f6703ac43d1,6539fe6a-8f3f-4a06-aa20-dbb71a0a4ccb,fddaf8e9-6acb-4f4d-9e99-d57f7fba847d,ABR,1600.00
ea476908-8454-4d2a-8ecd-8d78fb04fc15,c46faf5d-1c87-47d9-ad34-2940b28c329a,317e5fd7-d8e6-4476-b348-a0a726649924,fddaf8e9-6acb-4f4d-9e99-d57f7fba847d,SEP,750.00
eb9e85cf-7319-4ca3-ad97-8b1f6992117e,f6ebdae4-8418-46c2-be1e-f351ff8bf612,64b7b8c4-c418-4b27-8aa7-31c44d2850f4,fddaf8e9-6acb-4f4d-9e99-d57f7fba847d,NOV,1200.00
ebd8a226-3e02-4244-9a4e-561beb1ed3ea,fa881e4a-268d-4566-8740-3a0c78d38906,df9c3a2b-804a-47bc-9b11-eb45575dad16,fddaf8e9-6acb-4f4d-9e99-d57f7fba847d,MAY,200.00
ed17a64d-c73b-4c3d-8c6b-8bc446a8243b,e2a26ea0-bb7a-4f22-be72-462c71309478,bfce22f5-d7f1-4b93-8fc1-eb5907831b0c,fddaf8e9-6acb-4f4d-9e99-d57f7fba847d,SEP,1500.00
ed782f4c-5b53-4c9f-8025-9d53b9a46f28,ccd80d7c-165a-42f1-bf7d-5677c26d89b1,2bc201a6-4c7f-402c-9ed1-a2310ae79d3c,fddaf8e9-6acb-4f4d-9e99-d57f7fba847d,OCT,1500.00
ee4306dd-002a-469e-afec-dc544f26edc3,f3d03987-2316-4698-b617-42e3083915ae,3523dbd3-f616-4c1d-9a52-db64d88e0b23,fddaf8e9-6acb-4f4d-9e99-d57f7fba847d,FEB,1100.00
ee9ef811-059d-473c-87f7-a2d92c1b3398,c4581c41-c806-46f7-8a76-e09030398183,0a79ced7-bab3-44d8-89da-e166880163bd,fddaf8e9-6acb-4f4d-9e99-d57f7fba847d,ENE,900.00
eea1aa5b-0676-42c5-87a6-9801017360e7,b20d2700-3577-41ca-828e-7a259a119bf4,2fe35f28-fbab-491d-91b2-3d939e6b55bd,fddaf8e9-6acb-4f4d-9e99-d57f7fba847d,ENE,1500.00
ef0c7914-fd35-4eb9-8768-355e78e579e2,e9c4893a-6337-4083-81f4-e60f9ae37d61,e2808836-b027-41af-8918-de113abd6e4a,fddaf8e9-6acb-4f4d-9e99-d57f7fba847d,ENE,1300.00
ef111004-2187-449f-a705-9c5437fd658b,71232767-c8bb-406f-b50b-7a4f4df588ce,2a0d752a-79d5-4658-bf0d-64b137383ac6,fddaf8e9-6acb-4f4d-9e99-d57f7fba847d,MAY,900.00
ef41c545-2b30-489c-a70c-ab7fea1ca887,039e6bdc-7b56-4c43-ae71-228db6dda632,3523dbd3-f616-4c1d-9a52-db64d88e0b23,fddaf8e9-6acb-4f4d-9e99-d57f7fba847d,MAR/AGO,2300.00
ef7e2109-00b3-4c48-9ea7-d63ada190ed5,8fa9d622-ce02-48ec-be90-43d534ec7ec5,6a9b25d0-e6e4-4cf2-94ef-4ba0a59c5b2d,fddaf8e9-6acb-4f4d-9e99-d57f7fba847d,SEP,1000.00
efbc9537-2229-4ca0-8b57-26dd92ce391d,57837a81-4130-42d4-ac0c-394620e65355,a289cbad-dbdb-4e9c-8afd-aeef6bbd7fcb,fddaf8e9-6acb-4f4d-9e99-d57f7fba847d,ENE,1400.00
f0d19d56-39ec-4b1b-8659-5adf9c3fe68a,67155681-e8ea-40bf-9967-e9f99f52469c,8d1da005-457e-4b91-b44a-605b0ca3c47a,fddaf8e9-6acb-4f4d-9e99-d57f7fba847d,FEB,1600.00
f0df725f-17dc-4376-92cb-fa4e29d9715d,03ff9a0a-174f-420c-a991-1d9c3caf87a0,562676d8-327a-4012-97e1-f0cfefc685b0,fddaf8e9-6acb-4f4d-9e99-d57f7fba847d,NOV,1500.00
f1ea60e0-8477-4e6e-a6bb-ebcfa9fd4009,53430e2c-9664-400e-a357-fa6f02514d07,c94e75bd-f940-4e2f-a9b3-2d1dc8ad0554,fddaf8e9-6acb-4f4d-9e99-d57f7fba847d,OCT,1500.00
f2242652-ec58-473e-aab2-d22d65f7cd78,600d06b5-d0a6-4ad6-9af0-e800e55edcf9,a4c9cada-bb7c-4116-8091-8b3e944aba30,fddaf8e9-6acb-4f4d-9e99-d57f7fba847d,DIC/JUL,1000.00
f23890ec-e493-4dd3-930c-f64cb853bac7,73a94684-3cb5-4587-9060-19998b15f512,8d1da005-457e-4b91-b44a-605b0ca3c47a,fddaf8e9-6acb-4f4d-9e99-d57f7fba847d,SEP,1600.00
f23d3549-a807-4aa1-9a35-68f4fef9a200,3da6dfe2-7efe-4ad9-a51b-b4b06a45337a,a289cbad-dbdb-4e9c-8afd-aeef6bbd7fcb,fddaf8e9-6acb-4f4d-9e99-d57f7fba847d,ABR,1400.00
f27717ae-4939-424b-9ea1-cb9005d16fd7,f24f3b61-fb07-43cc-bd63-95c5218fdd07,2645afb7-c140-490c-b8db-c0dd4fbf6e11,fddaf8e9-6acb-4f4d-9e99-d57f7fba847d,SEP,1500.00
f3636ae7-395b-449b-bc5d-697ea49d4dd6,3f4bcccd-acc4-49c3-8f1d-1ef937d7f18d,64b7b8c4-c418-4b27-8aa7-31c44d2850f4,fddaf8e9-6acb-4f4d-9e99-d57f7fba847d,MAY,1200.00
f3be1a63-36f9-4c28-b141-17540d333269,41cd9958-4296-4cd6-ba09-50bfc751ef84,a71be5b5-f484-434a-912c-d679234166b5,fddaf8e9-6acb-4f4d-9e99-d57f7fba847d,DIC/JUL,1600.00
f3fb2a7c-1070-4307-a26b-238561877a8c,b3fbce86-5e14-427e-833c-2979af5401cc,58f5f801-a774-4b45-8960-aec7b7127187,fddaf8e9-6acb-4f4d-9e99-d57f7fba847d,DIC/JUL,1600.00
f4160db1-fe0b-4799-b298-4e793ad07652,466873b6-02f0-4243-8e82-40e60d084b75,02b5e8d1-89fb-4a1d-a9d3-58817df86b24,fddaf8e9-6acb-4f4d-9e99-d57f7fba847d,DIC/JUL,1600.00
f4d173f4-c9a1-43c5-b4d7-3ca97b73eeed,dcdf18c4-4aec-4f5c-9d50-7111be51ae28,f55dbff7-6831-4d96-8262-f103ccf4bd43,fddaf8e9-6acb-4f4d-9e99-d57f7fba847d,NOV,1200.00
f5248492-11ad-4d6f-90fe-b4f007b912ec,b6f228e6-ce1b-4534-a4bb-6c663a0b9770,7babc8a8-10d3-41e2-bb40-868a18dc2300,fddaf8e9-6acb-4f4d-9e99-d57f7fba847d,OCT,1200.00
f52600d6-4400-4666-a4ef-6192d314cf88,83e40b64-15a1-4f68-ac74-386c3c65a9d7,845acc82-5357-4263-a24c-e03f7ea60a49,fddaf8e9-6acb-4f4d-9e99-d57f7fba847d,MAY,900.00
f58331dd-de57-4f0f-884a-fe2bc27fe6ee,24d7c436-d709-4e35-8dbc-d5e2371e449c,e5a7742b-06e9-4add-a1c7-4049a93b2b75,fddaf8e9-6acb-4f4d-9e99-d57f7fba847d,SEP,1100.00
f5c0d7f8-bcb1-4fc9-848b-5f6d61e10c8e,61e28db6-2100-45ca-9d00-a98381b2f0db,61ed3b0d-3542-46bc-a02d-4f73b36cffd3,fddaf8e9-6acb-4f4d-9e99-d57f7fba847d,NOV,1100.00
f64114f4-1086-4079-8b06-2c52a587c704,87f4d541-6509-49b5-bedb-cb257ab29c55,2a0d752a-79d5-4658-bf0d-64b137383ac6,fddaf8e9-6acb-4f4d-9e99-d57f7fba847d,SEP,900.00
f67731de-a2f8-47c9-8227-0758e4b03133,37da422f-fb4e-418e-9b30-6e7d2f5bc630,81db6f65-f0d0-45e2-93d7-8d0e5c3dc56a,fddaf8e9-6acb-4f4d-9e99-d57f7fba847d,OCT,1000.00
f6774500-03a2-4a9b-8023-6be4c2cfc1c1,f3d03987-2316-4698-b617-42e3083915ae,3523dbd3-f616-4c1d-9a52-db64d88e0b23,fddaf8e9-6acb-4f4d-9e99-d57f7fba847d,ENE,1400.00
f7f58086-6944-4a3f-bf50-6e25767c08a8,c39dde40-a0e3-40d1-9a0e-2490ede89da4,ae5f806a-46b0-4a53-8eb3-9a5dd3e9d0dd,fddaf8e9-6acb-4f4d-9e99-d57f7fba847d,ENE,1300.00
f9039cd5-db39-4ebd-acd1-eec2de3b53e9,5b43760e-28ac-4a06-904f-bef11dda3738,df9c3a2b-804a-47bc-9b11-eb45575dad16,fddaf8e9-6acb-4f4d-9e99-d57f7fba847d,SEP,1200.00
f96dc748-72c1-4c48-ad37-c04dd2b0e0be,dc1c2396-e6e5-49b1-9c5d-ae2def208451,2a01ea65-7487-4834-ab23-855018d8868e,fddaf8e9-6acb-4f4d-9e99-d57f7fba847d,MAR/AGO,1500.00
f984417a-e92d-45de-93ba-45fceb574573,47018dc0-daf4-4bfe-b3ef-3c7afa1aa551,562676d8-327a-4012-97e1-f0cfefc685b0,fddaf8e9-6acb-4f4d-9e99-d57f7fba847d,ENE,1500.00
f9f2cb68-14cd-4c61-8682-6dc0272fbd99,d9ed42cf-76a6-4046-86d0-26b2cc31fc25,69450844-df68-4eb9-a465-967c31417074,fddaf8e9-6acb-4f4d-9e99-d57f7fba847d,OCT,1600.00
fa15cf5f-ba8e-4c3d-b6f7-69afa482fb10,18aa3cbc-9cae-4b93-8945-a2644871cee3,0e861609-c592-4713-bfad-a86c2f7d1c00,fddaf8e9-6acb-4f4d-9e99-d57f7fba847d,ABR,900.00
fa7d3e7e-39dd-4f0f-9466-2c6e2854ba1c,9b854967-0e53-492b-a519-f3fd9f480da9,209dac48-1e05-4390-a5da-676e1ee3b311,fddaf8e9-6acb-4f4d-9e99-d57f7fba847d,ENE,1000.00
fa915bfb-5961-4951-ad57-b7635f3f261e,14157a54-a2b5-4cce-8115-5eda1f570365,a71be5b5-f484-434a-912c-d679234166b5,fddaf8e9-6acb-4f4d-9e99-d57f7fba847d,NOV,1600.00
fac34377-7155-40d6-942c-cc88cb2831bd,cb18d6bc-1a66-4cd2-8602-c205e5cb1455,5af22e45-f9f7-4577-b07b-7ce4a7940329,fddaf8e9-6acb-4f4d-9e99-d57f7fba847d,DIC/JUL,3000.00
fadbc0e2-bc58-489a-a483-7f42aaa77bdb,f3393d81-63ab-4675-9c64-7d08924d8fc6,3f6663d7-9b89-4ea2-9f06-5035caff6390,fddaf8e9-6acb-4f4d-9e99-d57f7fba847d,MAR/AGO,900.00
faf8ce0f-1d58-4171-817d-27fd90bd4869,801c5cfb-dfc2-4b06-813a-aac3b2712dc4,6a9b25d0-e6e4-4cf2-94ef-4ba0a59c5b2d,fddaf8e9-6acb-4f4d-9e99-d57f7fba847d,MAR/AGO,1000.00
fbeb1841-f468-468d-8a30-830d6f910432,12a7c627-78fe-4dde-8539-f9ca3d19eb44,fa437269-6375-40e4-87dc-f133c454a67b,fddaf8e9-6acb-4f4d-9e99-d57f7fba847d,ABR,900.00
fd1f0a28-2ca0-4a00-b377-79a8bd558ea3,5167f01c-71d1-4d45-b906-a792c9c91df6,845acc82-5357-4263-a24c-e03f7ea60a49,fddaf8e9-6acb-4f4d-9e99-d57f7fba847d,JUN,900.00
fd9d28ff-810d-45c9-b91b-b36e25ce41ed,f02e2868-dc4b-45eb-b457-8195a3f7f9b8,d81e498e-7690-4676-9957-8b832ccf8ea0,fddaf8e9-6acb-4f4d-9e99-d57f7fba847d,SEP,750.00
fe29c9b6-980a-4715-a1eb-a3f49300b81d,b27efe6b-3414-4d43-a11a-d6a2d12fdef4,0489bdaf-c632-4a1f-9b8e-85dba33a74b0,fddaf8e9-6acb-4f4d-9e99-d57f7fba847d,OCT,1100.00
ff2a72da-eda5-40d2-b505-d62f81a5efd2,aba0b4e6-65f9-4856-be37-98fe0e312981,a289cbad-dbdb-4e9c-8afd-aeef6bbd7fcb,fddaf8e9-6acb-4f4d-9e99-d57f7fba847d,OCT,1400.00
ffa99762-2a9f-4e76-b6a7-fe3ce41edec1,676c8117-68c5-4704-8bff-446e8b09b4c7,e5a7742b-06e9-4add-a1c7-4049a93b2b75,fddaf8e9-6acb-4f4d-9e99-d57f7fba847d,NOV,1100.00
fff692e6-8724-493b-addd-2c8afa76271d,8738bd3c-81e7-4ec8-96b0-883dc2b059e9,c94e75bd-f940-4e2f-a9b3-2d1dc8ad0554,fddaf8e9-6acb-4f4d-9e99-d57f7fba847d,MAR/AGO,3000.00