severity,type,legacy_id,details
WARNING,ENROLLMENT_PRICE_FUTURE_FALLBACK,07d3c06f-1b7d-4925-b8d6-cfb887acabb6,effective_date=2025-08-07; using price from 2025-09-01
WARNING,ENROLLMENT_PRICE_FUTURE_FALLBACK,2e6b93f5-df65-49fd-8c38-d2325e1f2a4f,effective_date=2025-08-26; using price from 2025-09-01
WARNING,ENROLLMENT_PRICE_FUTURE_FALLBACK,317e5fd7-d8e6-4476-b348-a0a726649924,effective_date=2025-08-07; using price from 2025-09-01
INFO,LEGACY_ENROLLMENT_FEE_CORRECTION,37b6c311-9c1a-461e-a70b-d93557cdbc0d,A-0035; amount=2500.00; LEGACY_CORRECTION: historical enrollment fee confirmed as 2500; legacy 2400 price was incorrect
WARNING,ENROLLMENT_PRICE_FUTURE_FALLBACK,3f6663d7-9b89-4ea2-9f06-5035caff6390,effective_date=2025-08-26; using price from 2025-09-01
INFO,LEGACY_ENROLLMENT_FEE_CORRECTION,7392fe19-c6bd-489a-9cf5-3f6861139603,"A-0109; amount=1000.00; LEGACY_CORRECTION: enrollment fee confirmed as 1000; no historical payment was reported, so charge remains open"
INFO,LEGACY_ENROLLMENT_FEE_CORRECTION,afa0658f-b7b9-4fb1-997b-0e0fcf93b4e1,A-0024; amount=1100.00; LEGACY_CORRECTION: pre-registration/enrollment fee confirmed as 1100; legacy year was recorded one year late
INFO,LEGACY_ENROLLMENT_FEE_CORRECTION,b7f24e9c-6a1d-4b5a-9b34-c72abe5f4c40,A-0110; amount=1000.00; LEGACY_CORRECTION: enrollment fee confirmed as 1000; historical payment was omitted from legacy and will be backfilled
INFO,LEGACY_ENROLLMENT_FEE_CORRECTION,bcb7ffd8-0cfa-449a-88d5-626f505cb19c,A-0108; amount=1000.00; LEGACY_CORRECTION: student entered mid-cycle; historical enrollment fee confirmed as 1000
INFO,LEGACY_ENROLLMENT_FEE_CORRECTION,f55dbff7-6831-4d96-8262-f103ccf4bd43,A-0018; amount=2400.00; LEGACY_CORRECTION: historical enrollment fee confirmed as 2400; legacy 1100 price was incorrect
INFO,BAJA_CHARGES_LIMITED_TO_EVIDENCE,0489bdaf-c632-4a1f-9b8e-85dba33a74b0,"DIC/JUL,NOV,OCT,SEP"
INFO,LATE_ENTRY_PRICE_USED_FOR_VALID_COMPONENTS,061d5f0c-2ec0-4698-a862-38cdd50d237d,SEP; using 2026-04-29
INFO,LATE_ENTRY_TUITION_MONTH_SKIPPED,061d5f0c-2ec0-4698-a862-38cdd50d237d,2025-09; first tuition valid from 2026-04-29
INFO,LATE_ENTRY_PRICE_USED_FOR_VALID_COMPONENTS,061d5f0c-2ec0-4698-a862-38cdd50d237d,OCT; using 2026-04-29
INFO,LATE_ENTRY_TUITION_MONTH_SKIPPED,061d5f0c-2ec0-4698-a862-38cdd50d237d,2025-10; first tuition valid from 2026-04-29
INFO,LATE_ENTRY_PRICE_USED_FOR_VALID_COMPONENTS,061d5f0c-2ec0-4698-a862-38cdd50d237d,NOV; using 2026-04-29
INFO,LATE_ENTRY_TUITION_MONTH_SKIPPED,061d5f0c-2ec0-4698-a862-38cdd50d237d,2025-11; first tuition valid from 2026-04-29
INFO,LATE_ENTRY_PRICE_USED_FOR_VALID_COMPONENTS,061d5f0c-2ec0-4698-a862-38cdd50d237d,DIC/JUL; using 2026-04-29
INFO,LATE_ENTRY_TUITION_MONTH_SKIPPED,061d5f0c-2ec0-4698-a862-38cdd50d237d,2025-12; first tuition valid from 2026-04-29
INFO,LATE_ENTRY_PRICE_USED_FOR_VALID_COMPONENTS,061d5f0c-2ec0-4698-a862-38cdd50d237d,ENE; using 2026-04-29
INFO,LATE_ENTRY_TUITION_MONTH_SKIPPED,061d5f0c-2ec0-4698-a862-38cdd50d237d,2026-01; first tuition valid from 2026-04-29
INFO,LATE_ENTRY_PRICE_USED_FOR_VALID_COMPONENTS,061d5f0c-2ec0-4698-a862-38cdd50d237d,FEB; using 2026-04-29
INFO,LATE_ENTRY_TUITION_MONTH_SKIPPED,061d5f0c-2ec0-4698-a862-38cdd50d237d,2026-02; first tuition valid from 2026-04-29
INFO,LATE_ENTRY_PRICE_USED_FOR_VALID_COMPONENTS,061d5f0c-2ec0-4698-a862-38cdd50d237d,MAR/AGO; using 2026-04-29
INFO,LATE_ENTRY_TUITION_MONTH_SKIPPED,061d5f0c-2ec0-4698-a862-38cdd50d237d,2026-03; first tuition valid from 2026-04-29
INFO,LATE_ENTRY_PRICE_USED_FOR_VALID_COMPONENTS,061d5f0c-2ec0-4698-a862-38cdd50d237d,ABR; using 2026-04-29
INFO,VERIFIED_FREE_ENTRY_MONTH_SKIPPED,061d5f0c-2ec0-4698-a862-38cdd50d237d,A-0111; 2026-04
INFO,BAJA_CHARGES_LIMITED_TO_EVIDENCE,40dc866f-fce4-4635-bf68-fa98f8b87c6e,"DIC/JUL,NOV,OCT,SEP"
INFO,LATE_ENTRY_PRICE_USED_FOR_VALID_COMPONENTS,7392fe19-c6bd-489a-9cf5-3f6861139603,SEP; using 2026-02-03
INFO,LATE_ENTRY_TUITION_MONTH_SKIPPED,7392fe19-c6bd-489a-9cf5-3f6861139603,2025-09; first tuition valid from 2026-02-03
INFO,LATE_ENTRY_PRICE_USED_FOR_VALID_COMPONENTS,7392fe19-c6bd-489a-9cf5-3f6861139603,OCT; using 2026-02-03
INFO,LATE_ENTRY_TUITION_MONTH_SKIPPED,7392fe19-c6bd-489a-9cf5-3f6861139603,2025-10; first tuition valid from 2026-02-03
INFO,LATE_ENTRY_PRICE_USED_FOR_VALID_COMPONENTS,7392fe19-c6bd-489a-9cf5-3f6861139603,NOV; using 2026-02-03
INFO,LATE_ENTRY_TUITION_MONTH_SKIPPED,7392fe19-c6bd-489a-9cf5-3f6861139603,2025-11; first tuition valid from 2026-02-03
INFO,LATE_ENTRY_PRICE_USED_FOR_VALID_COMPONENTS,7392fe19-c6bd-489a-9cf5-3f6861139603,DIC/JUL; using 2026-02-03
INFO,LATE_ENTRY_TUITION_MONTH_SKIPPED,7392fe19-c6bd-489a-9cf5-3f6861139603,2025-12; first tuition valid from 2026-02-03
INFO,LATE_ENTRY_PRICE_USED_FOR_VALID_COMPONENTS,7392fe19-c6bd-489a-9cf5-3f6861139603,ENE; using 2026-02-03
INFO,LATE_ENTRY_TUITION_MONTH_SKIPPED,7392fe19-c6bd-489a-9cf5-3f6861139603,2026-01; first tuition valid from 2026-02-03
INFO,LATE_ENTRY_PRICE_USED_FOR_VALID_COMPONENTS,9ace76f4-cf42-4715-ba18-951ec5af9103,SEP; using 2026-01-27
INFO,LATE_ENTRY_TUITION_MONTH_SKIPPED,9ace76f4-cf42-4715-ba18-951ec5af9103,2025-09; first tuition valid from 2026-01-27
INFO,LATE_ENTRY_PRICE_USED_FOR_VALID_COMPONENTS,9ace76f4-cf42-4715-ba18-951ec5af9103,OCT; using 2026-01-27
INFO,LATE_ENTRY_TUITION_MONTH_SKIPPED,9ace76f4-cf42-4715-ba18-951ec5af9103,2025-10; first tuition valid from 2026-01-27
INFO,LATE_ENTRY_PRICE_USED_FOR_VALID_COMPONENTS,9ace76f4-cf42-4715-ba18-951ec5af9103,NOV; using 2026-01-27
INFO,LATE_ENTRY_TUITION_MONTH_SKIPPED,9ace76f4-cf42-4715-ba18-951ec5af9103,2025-11; first tuition valid from 2026-01-27
INFO,LATE_ENTRY_PRICE_USED_FOR_VALID_COMPONENTS,9ace76f4-cf42-4715-ba18-951ec5af9103,DIC/JUL; using 2026-01-27
INFO,LATE_ENTRY_TUITION_MONTH_SKIPPED,9ace76f4-cf42-4715-ba18-951ec5af9103,2025-12; first tuition valid from 2026-01-27
INFO,LATE_ENTRY_PRICE_USED_FOR_VALID_COMPONENTS,9ace76f4-cf42-4715-ba18-951ec5af9103,ENE; using 2026-01-27
INFO,VERIFIED_FREE_ENTRY_MONTH_SKIPPED,9ace76f4-cf42-4715-ba18-951ec5af9103,A-0107; 2026-01
INFO,LATE_ENTRY_PRICE_USED_FOR_VALID_COMPONENTS,b7f24e9c-6a1d-4b5a-9b34-c72abe5f4c40,SEP; using 2026-04-13
INFO,LATE_ENTRY_TUITION_MONTH_SKIPPED,b7f24e9c-6a1d-4b5a-9b34-c72abe5f4c40,2025-09; first tuition valid from 2026-04-13
INFO,LATE_ENTRY_PRICE_USED_FOR_VALID_COMPONENTS,b7f24e9c-6a1d-4b5a-9b34-c72abe5f4c40,OCT; using 2026-04-13
INFO,LATE_ENTRY_TUITION_MONTH_SKIPPED,b7f24e9c-6a1d-4b5a-9b34-c72abe5f4c40,2025-10; first tuition valid from 2026-04-13
INFO,LATE_ENTRY_PRICE_USED_FOR_VALID_COMPONENTS,b7f24e9c-6a1d-4b5a-9b34-c72abe5f4c40,NOV; using 2026-04-13
INFO,LATE_ENTRY_TUITION_MONTH_SKIPPED,b7f24e9c-6a1d-4b5a-9b34-c72abe5f4c40,2025-11; first tuition valid from 2026-04-13
INFO,LATE_ENTRY_PRICE_USED_FOR_VALID_COMPONENTS,b7f24e9c-6a1d-4b5a-9b34-c72abe5f4c40,DIC/JUL; using 2026-04-13
INFO,LATE_ENTRY_TUITION_MONTH_SKIPPED,b7f24e9c-6a1d-4b5a-9b34-c72abe5f4c40,2025-12; first tuition valid from 2026-04-13
INFO,LATE_ENTRY_PRICE_USED_FOR_VALID_COMPONENTS,b7f24e9c-6a1d-4b5a-9b34-c72abe5f4c40,ENE; using 2026-04-13
INFO,LATE_ENTRY_TUITION_MONTH_SKIPPED,b7f24e9c-6a1d-4b5a-9b34-c72abe5f4c40,2026-01; first tuition valid from 2026-04-13
INFO,LATE_ENTRY_PRICE_USED_FOR_VALID_COMPONENTS,b7f24e9c-6a1d-4b5a-9b34-c72abe5f4c40,FEB; using 2026-04-13
INFO,LATE_ENTRY_TUITION_MONTH_SKIPPED,b7f24e9c-6a1d-4b5a-9b34-c72abe5f4c40,2026-02; first tuition valid from 2026-04-13
INFO,LATE_ENTRY_PRICE_USED_FOR_VALID_COMPONENTS,b7f24e9c-6a1d-4b5a-9b34-c72abe5f4c40,MAR/AGO; using 2026-04-13
INFO,LATE_ENTRY_TUITION_MONTH_SKIPPED,b7f24e9c-6a1d-4b5a-9b34-c72abe5f4c40,2026-03; first tuition valid from 2026-04-13
INFO,LATE_ENTRY_PRICE_USED_FOR_VALID_COMPONENTS,b7f24e9c-6a1d-4b5a-9b34-c72abe5f4c40,ABR; using 2026-04-13
INFO,LATE_ENTRY_PRICE_USED_FOR_VALID_COMPONENTS,bcb7ffd8-0cfa-449a-88d5-626f505cb19c,SEP; using 2026-02-03
INFO,LATE_ENTRY_TUITION_MONTH_SKIPPED,bcb7ffd8-0cfa-449a-88d5-626f505cb19c,2025-09; first tuition valid from 2026-02-03
INFO,LATE_ENTRY_PRICE_USED_FOR_VALID_COMPONENTS,bcb7ffd8-0cfa-449a-88d5-626f505cb19c,OCT; using 2026-02-03
INFO,LATE_ENTRY_TUITION_MONTH_SKIPPED,bcb7ffd8-0cfa-449a-88d5-626f505cb19c,2025-10; first tuition valid from 2026-02-03
INFO,LATE_ENTRY_PRICE_USED_FOR_VALID_COMPONENTS,bcb7ffd8-0cfa-449a-88d5-626f505cb19c,NOV; using 2026-02-03
INFO,LATE_ENTRY_TUITION_MONTH_SKIPPED,bcb7ffd8-0cfa-449a-88d5-626f505cb19c,2025-11; first tuition valid from 2026-02-03
INFO,LATE_ENTRY_PRICE_USED_FOR_VALID_COMPONENTS,bcb7ffd8-0cfa-449a-88d5-626f505cb19c,DIC/JUL; using 2026-02-03
INFO,LATE_ENTRY_TUITION_MONTH_SKIPPED,bcb7ffd8-0cfa-449a-88d5-626f505cb19c,2025-12; first tuition valid from 2026-02-03
INFO,LATE_ENTRY_PRICE_USED_FOR_VALID_COMPONENTS,bcb7ffd8-0cfa-449a-88d5-626f505cb19c,ENE; using 2026-02-03
INFO,LATE_ENTRY_TUITION_MONTH_SKIPPED,bcb7ffd8-0cfa-449a-88d5-626f505cb19c,2026-01; first tuition valid from 2026-02-03
INFO,LATE_ENTRY_PRICE_USED_FOR_VALID_COMPONENTS,e5a7742b-06e9-4add-a1c7-4049a93b2b75,SEP; using 2025-11-03
INFO,LATE_ENTRY_TUITION_MONTH_SKIPPED,e5a7742b-06e9-4add-a1c7-4049a93b2b75,2025-09; first tuition valid from 2025-11-03
INFO,LATE_ENTRY_PRICE_USED_FOR_VALID_COMPONENTS,e5a7742b-06e9-4add-a1c7-4049a93b2b75,OCT; using 2025-11-03
INFO,LATE_ENTRY_TUITION_MONTH_SKIPPED,e5a7742b-06e9-4add-a1c7-4049a93b2b75,2025-10; first tuition valid from 2025-11-03
INFO,BAJA_CHARGES_LIMITED_TO_EVIDENCE,eb5427dd-f41c-4408-8815-26493a90c351,"DIC/JUL,NOV,OCT,SEP"
INFO,BAJA_CHARGES_LIMITED_TO_EVIDENCE,f0fe1f2d-d8f7-4f5d-b713-d15b3cc1f577,"DIC/JUL,NOV,OCT,SEP"
INFO,LEGACY_PAYMENT_DATE_CORRECTION,156dcb34-1fda-4f81-a320-dd2591e366c8,A-0024; 2025-02-28 -> 2024-02-28
INFO,MANUAL_HISTORICAL_PAYMENT_BACKFILL,BACKFILL-A-0110-20260415-INS-ABR,A-0110; amount=2600.00; receiver=Fran; date=2026-04-15; approximate=True
INFO,MANUAL_HISTORICAL_PAYMENT_BACKFILL,BACKFILL-A-0110-20260515-MAY,A-0110; amount=1600.00; receiver=Fran; date=2026-05-15; approximate=True
INFO,MANUAL_HISTORICAL_PAYMENT_BACKFILL,BACKFILL-A-0110-20260615-JUN,A-0110; amount=1600.00; receiver=Fran; date=2026-06-15; approximate=True
INFO,MANUAL_HISTORICAL_PAYMENT_BACKFILL,BACKFILL-A-0110-20260720-JUL-AGO,A-0110; amount=3200.00; receiver=Christian; date=2026-07-20; approximate=False
INFO,LEGACY_CORRECTION,45163107-e74d-42c5-b0b0-22d0e9e32e96,Mislinked pago_id corrected: aa69e6e2-5ac6-4a09-be11-4afc4eaaee44 -> 45b7f84a-83e2-42ac-8591-0cbe0b130d8f
INFO,LEGACY_TUITION_PERIOD_CORRECTION,f58331dd-de57-4f0f-884a-fe2bc27fe6ee,A-0106; SEP -> NOV; payment_date=2025-11-03; amount=1100.00
INFO,LEGACY_TUITION_PERIOD_CORRECTION,ffa99762-2a9f-4e76-b6a7-fe3ce41edec1,A-0106; NOV -> DIC/JUL; payment_date=2025-12-02; amount=1100.00
INFO,LEGACY_TUITION_PERIOD_CORRECTION,7b73e9c9-8332-4c1b-be17-773360e8e49e,A-0106; DIC/JUL -> ENE; payment_date=2026-01-12; amount=1100.00
INFO,LEGACY_TUITION_PERIOD_CORRECTION,9052e1d7-52e2-44a2-9e07-d7b265984050,A-0107; ENE -> FEB; payment_date=2026-01-27; amount=1000.00
INFO,LEGACY_TUITION_PERIOD_CORRECTION,3f19b4ca-fd60-4319-86a0-0e10d68f552a,A-0106; MAR/AGO -> FEB; payment_date=2026-02-03; amount=1100.00
INFO,LEGACY_TUITION_PERIOD_CORRECTION,2d708e45-8c38-4992-94cd-39f0fce2fd56,A-0107; FEB -> MAR/AGO; payment_date=2026-03-03; amount=1000.00
INFO,LEGACY_TUITION_PERIOD_CORRECTION,8d5e2e74-0996-4c18-867a-9192bcde830a,A-0106; ENE -> MAR/AGO; payment_date=2026-03-03; amount=1100.00
INFO,LEGACY_TUITION_PERIOD_CORRECTION,db2410bf-8627-4c87-958b-4196415b2d95,A-0106; FEB -> MAR/AGO; payment_date=2026-03-12; amount=1100.00
INFO,LEGACY_TUITION_PERIOD_CORRECTION,6a70cdf3-daf5-409b-8956-bf1c2961f17c,A-0106; MAR/AGO -> ABR; payment_date=2026-03-24; amount=1100.00
INFO,LEGACY_TUITION_PERIOD_CORRECTION,509dcab6-0ef3-4c53-8076-67f75677eb6c,A-0111; ABR -> MAY; payment_date=2026-04-29; amount=1500.00
INFO,LEGACY_TUITION_PERIOD_CORRECTION,d5a81eff-5d6f-4d16-9bf1-28673c1dbfd8,A-0111; MAY -> JUN; payment_date=2026-06-02; amount=1500.00
